COUNT,SAB / CR,MFA,MAT,SALT,MAE,Course caps,Enrollment,wait listed,,Dept,Course,section,Spring 2027,Professor First name,Professor Last name,JZ,TERM,DAY,TIME,ROOM,NOTE / DATE,Drop Down,DEAN NOTES,LAB FEE
,,,,,,,,,,,,,,,,,,,,,,,,
,,,,,,,,,,,Academic Studies,,,,,,,,,,,,,
,,,,,,,,,,,,,,,,,,,,,,,,
,,,,,,,,,,,ART HISTORY SURVEY II,,revised schedule,,,,,,,,,,,
1,,,,,,25,,,,AS,AH 102,1,Art History Survey II,Rose,Logie,,BFA SPRING,M TH,8:30-9:45,104,revised schedule,,,
1,,,,,,25,,,,AS,AH 102,2,Art History Survey II,Rose,Logie,,BFA SPRING,M TH,10:15-11:30,104,revised schedule,,,
1,,,,,,25,,,,AS,AH 102,3,Art History Survey II,Alison,Ferris,,BFA SPRING,M TH,3:00-4:15,104,revised schedule,,,
1,,,,,,25,,,,AS,AH 102,4,Art History Survey II,Alison,Ferris,,BFA SPRING,M TH,4:30-5:45,104,revised schedule,,,
x,,,,,,100,,,,,Two class meeting times,,,,,,,,,,,,,
,,,,,,,,,,,,,,,,,,,,,,,,
,,,,,,,,,,,AH 250 Critical Approaches to Contemporary Art,,,,,,,,,,,,,
1,,,,,,25,,,,AS,AH 250,1,Critical Approaches to Contemporary Art,Marie,Shurkus,,BFA SPRING,M TH,8:45-10:00,7,time change,,,
1,,,,,,25,,,,AS,AH 250,2,Critical Approaches to Contemporary Art,Marie,Shurkus,,BFA SPRING,M TH,10:15-11:30,7,,,,
1,,,,,,25,,,,AS,AH 250,3,Critical Approaches to Contemporary Art,Laura,Jourdan Palmer,,BFA SPRING,TU FR,1:30-2:45,104,,,,
1,,,,,,25,,,,AS,AH 250,4,Critical Approaches to Contemporary Art,Laura,Jourdan Palmer,,BFA SPRING,TU FR,3:00-4:15,104,,,,
x,,,,,,100,,,,0,,,,,,,,,,,,,,
,,,,,,,,,,,Art History Electives,,,,,,,,,,,,,
1,,,,,,25,,,,AS,AH 312,,"Artist, Museums & the Art Market",Chris,Stiegler,,BFA SPRING,M TH,4:30-5:45,250,,,,
1,,,,,,25,,,,AS,AH 392,,(S) Livable Worlds,sabine,stxrm,,BFA SPRING,WED,12:00-2:45`,104,,,,
1,,,,,,25,,,,AS,AH 397,,19th-Century Media Worlds,Rose,Logie,,BFA SPRING,TH,1:30-4:15,105,Fast track,,,
x,,,,,,IS,,,,AS,AH 440,,(W) Art History Minor Thesis,Rose,Logie,,BFA SPRING,-,-,-,,Independent Study,,
x,,,,,,50,,,,0,,,,,,,,,,,,,,
,,,,,,,,,,,English Composition,,revised schedule,,,,,,,,,,,
1,,,,,,20,,,,AS,EN 100,1,English Composition,Pedro,Daher,,BFA SPRING,M TH,8:30-9:45,250,revised schedule,,,
1,,,,,,20,,,,AS,EN 100,2,English Composition,Pedro,Daher,,BFA SPRING,M TH,10:15-11:30,250,revised schedule,,,
1,,,,,,20,,,,AS,EN 100,3,English Composition,Sharon,Kunde,,BFA SPRING,TU FR,10:15-11:30,250,revised schedule,,,
1,,,,,,20,,,,AS,EN 100,4,English Composition,Sharon,Kunde,,BFA SPRING,TU FR,12:00-1:15,250,revised schedule,,,
1,,,,,,20,,,,AS,EN 100,5,English Composition,John,Portlock,,BFA SPRING,TU FR,8:30-9:15,104,revised schedule,,,
x,,,,,,100,,,,0,,,,,,,,,,,,,,
,,,,,,,,,,,,,,,,,,,,,,,,
,,,,,,,,,,,Liberal Arts- Humanities or Social Science ,,,,,,,,,,,,,
,,,,,,,,,,,,,,,,,,,,,,,,
1,,,,,,25,,,,AS,HU 361,,(S) Ruins & Reclamation ,sabine,sxtrm,,BFA SPRING,M TH,4:30-5:45,7,,,,
1,,,,,,20,,,,AS,HU 370,,(W) Writing Past Catharsis: Micro-Memoir,Alana,Dao,,BFA SPRING,TU FR,12:00-1:15,104,3/9/26,,,
1,,,,,,25,,,,AS,HU 380,,Zombie Poiesis: Beyond Capitalism,Sharon,Kunde,,BFA SPRING,WED,3:00-5:45,104,fast track,,,
1,,,,,,25,,,,AS,HU 381,,"(S) Witchcraft: Madness, Visions, and Witnesses ",sabine,sxtrm,,BFA SPRING,M TH,1:30-2:45,104,fast track,,,
1,,,,,,25,,,,AS,HU 383,,Autofiction: Documenting the Self,sabine,stxrm,,BFA SPRING,M TH,6:30-7:45,7,fast track. 3/9,,,
x,,,,,,395,,,,0,,,,,,,,,,,,,,
x,,,,,,IS,,,,AS,HU 440,,(W) Writing Minor Capstone,Pedro,Daher,,BFA SPRING,-,-,-,,Independent Study,,
x,,,,,,IS,,,,AS,HU 445,,(S) Sustainable Ecosystems: Art & Design Minor Capstone,sabine,sxtrm,,BFA SPRING,-,-,-,,Independent Study,,
,,,,,,,,,,,Liberal Arts- Natural Science,,,,,,,,,,,,,
1,,,,,,20,,,,AS,NS 255,,(AE) The Business of Art,Sara,Juli,,BFA SPRING,WED,12:00-2:45,208,,,,
1,,,,,,20,,,,AS,NS 304,,(PE) (S) Living Sustainably,Deb,Debiegun,,BFA SPRING,WED,8:30-11:15,208,,,,
1,,,,,,20,,,,AS,NS 319,,(PE) (S) The Biodesign Challenge: Concepts and Practice,Megan,Valanidas,,BFA SPRING,TUE,12:00-2:45,208,Name change approved faculty vote 12/4/25,,,
1,,,,,,20,,,,AS,NS 322,,(PE) (S) Citizen Science,Megan,Valanidas,,BFA SPRING,TUE,3:00-5:45,208,Fast track,,,
,,,,,,,,,,,,,,,,,,,,,,,,
,,,,,,,,,,,LIBERAL ARTS-Philosophy & History,,,,,,,,,,,,,
1,,,,,,25,,,,AS,PL 226,,Gender Theory,Ken,Knight,,BFA SPRING,WED,8:45-11:30,105,fast track,,,
1,,,,,,25,,,,AS,PL 228,,Anti-hegemonic Thought: Literature and Philosophy,Pedro,Daher,,BFA SPRING,WED,8:45-11:30,250,fast track,,,
,,,,,,,,,,,,,,,,,,,,,,,,
1,,,,,,25,,,,AS,WH 249,,History as Narrative Storytelling,Rebekah,Bryer,,BFA SPRING,M TH,10:15-11:30,105,Fast track,,,
1,,,,,,25,,,,AS,WH 252,,"Slavery, Abolition, and the coming of Civil War",John,Portlock,,BFA SPRING,TU FR,10:15-11:30,104,Fast track,, ,
,,,,,,,,,,,,,,,,,,,,,,,,
,,,,,,,,,,,,,,,,,,,,,,,,
,,,,,,,,,,,Foundation,,,,,,,,,,,,,
,,,,,,,,,,,,,,,,,,,,,,,,
,,,,,,,,,,,FOUNDATION: Drawing,,,,,,,,,,,,,
1,,,,,,18,,,,FN,DR 100,1,Introduction to Drawing,Jim,Flahaven,,BFA SPRING,TU FR,8:30-11:15,102,,,,
1,,,,,,18,,,,FN,DR 100,2,Introduction to Drawing,Jim,Flahaven,,BFA SPRING,TU FR,12:00-2:45,102, ,,,
1,,,,,,18,,,,FN,DR 100,3,Introduction to Drawing,Greta,Bank,,BFA SPRING,TU FR,3:00-5:45,103,2/26/26,Prof changed,TC email,
1,,,,,,18,,,,FN,DR 100,4,Introduction to Drawing,Jennifer,Brou-J,,BFA SPRING,M TH,8:30-11:15,102,,,,
x,,,,,,72,,,,0,current + waitlisted,,,,,,,,,,,,,
,,,,,,,,,,,,,,,,,,,,,,,,
1,,,,,,18,,,,FN,DR 110,H1,Honors: Introduction to Drawing,Philip,Brou-P,,BFA SPRING,M TH,1:30-4:15,102,3/9,,,
,,,,,,,,,,,,,,,,,,,,,,,,
,,,,,,,,,,,Upper-Level Drawing,,,,,,,,,,,,,
1,,,,,,18,,,,FN,DR 140,,Thinking with Drawing,Michael,Connor,,BFA SPRING,TU FR,8:30-11:15,103,2/26,Course Changed,TC  email,
1,,,,,,18,,,,FN,DR 227,,Anatomical Drawing,Greta,Bank,,BFA SPRING,TU TH,6:30-9:15,102,,,,
IS,,,,,,x,,,,FN,DR 400,,Advanced Drawing- (Capstone students only),Sarah,Shaw,,BFA SPRING,-,-,-,,Pending Enrollment,,
,,,,,,,,,,,,,,,,,,,,,,,,
,,,,,,,,,,,,,,,,,,,,,,,,
,,,,,,,,,,,FOUNDATION: 3D Materiality,,,,,,,,,,,,,
0.5,,,,,,12,,,,FN,FN 109,1MT,3D Materiality: Metalsmithing 7-week class runs 1/11-2/26,Sharon,Portelance,,BFA SPRING,TU FR,12:00-2:45,408,3/11,Prof changed,,
0.5,,,,,,-,,,,FN,FN 109,2MT,3D Materiality: Metalsmithing 7-week class runs 3/1-4/23,Sharon,Portelance,,BFA SPRING,TU FR,12:00-2:45,408,3/11,,,
,,,,,,,,,,,,,,,,,,,,,,,,
0.5,,,,,,12,,,,FN,FN 109,2TM,3D Materiality: Textiles  7-week class runs 1/11-2/26,Elana,Adler,,BFA SPRING,TU FR,12:00-2:45,301-302,3/11,,,
0.5,,,,,,-,,,,FN,FN 109,1TM,3D Materiality: Textiles  7-week class runs 3/1-4/23,Elana,Adler,,BFA SPRING,TU FR,12:00-2:45,301-302,3/11,,,
,,,,,,0,,,,,,,,,,,,,,,,,,
,,,,,,,,,,,FOUNDATION: Space & Temporality,,,,,,,,,,,,,
1,,,,,,15,,,,FN,FN 110,1,4D: Space & Temporality,Tracey,Cockrell,,BFA SPRING,M TH,8:30-11:15,305-502,,,,
1,,,,,,15,,,,FN,FN 110,2,4D: Space & Temporality,Joshua,Reiman,,BFA SPRING,TU FR,8:45-11:30,305-502,,,,
1,,,,,,15,,,,FN,FN 110,3,4D: Space & Temporality,Justin,Kirchoff,,BFA SPRING,TU FR,12:00-2:45,013-025,3/12,,,
1,,,,,,15,,,,FN,FN 110,4,4D: Space & Temporality,Tracey,Cockrell,,BFA SPRING,TU FR,8:30-11:15,277-508,2/20,Prof changed,TC email,
1,,,,,,15,,,,FN,FN 110,5,4D: Space & Temporality,Ben,Spalding,,BFA SPRING,TU TH,6:30-9:15,305-502,3/10,,TC email,
1,,,,,,15,,,,FN,FN 110,6,4D: Space & Temporality,Ben,Spalding,,BFA SPRING,TU FR,12:00-2:45,277-502,2/20,,TC email,
1,,,,,,15,,,,FN,FN 110,7,4D: Space & Temporality,Tabitha,Barnard,,BFA SPRING,M W,1:30-4:15,013-502,3/12,,,
x,,,,,,105,,,,0,Current + waitlisted,,,,,,,,,,,,,
,,,,,,,,,,,,,,,,,,,,,,,,
,,,,,,,,,,,FN / PE / ENT / SPECIAL,,,,,,,,,,,,,
1,,,,,,10,,,,AE,AE 329,,Contemporary Practices for Art Teaching,Rachel,Somerville,,BFA SPRING,WED,3:00-5:45,510,,,,
,,,,,,,,,,,,,,,,,,,,,,,,
,,,,,,,,,,,STUDIO,,,,,,,,,,,,,
,,,,,,,,,,,,,,,,,,,,,,,,
,,,,,,,,,,,,,,,,,,,,,,,,
,,,,,,,,,,,,,,,,,,,,,,,,
,,,,,,,,,,,Animation & Game Art,,,,,,,,,,,,,
1,,,,,,18,,,,AG,AG 100 ,1,Intro to Game Development,Adam,deGrandis,,BFA SPRING,M TH,8:30-11:15,277,revised schedule,,,
1,,,,,,18,,,,AG,AG 101,1,Animation I,Kevin,Woods,,BFA SPRING,M W,6:30-9:15,289,3/10,,,
1,,,,,,18,,,,AG,AG 120,1,Storyboarding for Animation,Chad,Hurd,,BFA SPRING,M TH,8:30-11:15,289,,,,
1,,,,,,18,,,,AG,AG 199,1,Character Design for Games & Animation,Charlie,MacWilliams,,BFA SPRING,WED,9:00-2:45,289,,,,
1,,,,,,18,,,,AG,AG 221,1,Sophomore Production Lab,Adam,Fisher,,BFA SPRING,M TH,1:30-4:15,289,,,,
1,,,,,,18,,,,AG,AG 221,2,Sophomore Production Lab,Adam,deGrandis,,BFA SPRING,M TH,1:30-4:15,277,,,,
1,,,,,,16,,,,AG,AG 245,,Intro to 3D Modeling & Animation,George,Larou,,BFA SPRING,TU FR,12:00-2:45,289,,,,
1,,,,,,18,,,,AG,AG 322,,Major Production Studio II,George,Larou,,BFA SPRING,M TH,8:45-11:30,111-112,,,,
1,,,,,,-,,,,AG,AG 322,,Major Production Studio II,Spencer,Laudiero,,BFA SPRING,M TH,8:45-11:30,111-112,,,,
1,,,,,,18,,,,AG,AG 323,,Special Topics: Post Production & VFX for Animation,James,LaPlante,,BFA SPRING,TU TH,6:30-9:15,289,,,,
1,,,,,,16,,,,AG,AG 324,,Special Topics: Storyboarding II,Spencer,Laudiero,,BFA SPRING,TU FR,3:00-5:45,289,,,,
1,,,,,,18,,,,AG,AG 345,,Intermediate 3D Modeling & Animation,Adam,deGrandis,,BFA SPRING,TU FR,8:30-11:15,289,,,,
0.5,,,,,,-,,,,AG,AG 351,,Animation & Game Art Concepts and History,Adam,deGrandis,,BFA SPRING,TU FR,12:00-2:45,213,,,,
0.5,,,,,,18,,,,AG,AG 351,,Animation & Game Art Concepts and History,Spencer,Laudiero,,BFA SPRING,TU FR,12:00-2:45,213,,,,
1,,,,,,18,,,,AG,AG 352,1,Collaborative Productions,James,LaPlante,,BFA SPRING,WED,12:00-5:30,277,,,,
1,,,,,,-,,,,AG,AG 352,2,Collaborative Productions,Phoenix ,Stroh,,BFA SPRING,WED,12:00-5:30,Crewe gallery,,,,
1,,,,,,18,,,,AG,AG 422,,Major Capstone Production.  (3 cr. or 6 cr. option),Adam,Fisher,,BFA SPRING,M TH,8:45-11:30,111-112,,,,
1,,,,,,-,,,,AG,AG 422,,Major Capstone Production.  (3 cr. or 6 cr. option),Phoenix ,Stroh,,BFA SPRING,M TH,8:45-11:30,111-112,,,,
1,,,,,,18,,,,AG,AG 452,,Major Capstone Project Post-production,Amelia,Garretson-Persans,,BFA SPRING,M TH,1:30-4:15,Major space,,,,
1,,,,,,-,,,,AG,AG 452,,Major Capstone Project Post-production,Isabella,Rotman,,BFA SPRING,M TH,1:30-4:15,Major space,,,,
,,,,,,,,,,,,,,,,,,,,,,,,
,,,,,,,,,,,Art & Music,,,,,,,,,,,,,
0.33,,,,,,12,,,,AM,AM 104,,Instrumental Lab: Choral Ensemble  1 cr. class runs 7-week (1/11-2/26),Chaz,Lester,,BFA SPRING,WED,10:00-11:15,07,week 1-7,,,
0.33,,,,,,12,,,,AM,AM 105,,Instrumental Lab: Keyboard  1 cr. class runs 7-week (1/11-2/26),Peter,Dugas,,BFA SPRING,TU,7:00-8:15,07,week 1-7,,,
1,,,,,,12,,,,AM,AM 110,,(M) Intro to Digital Audio Recording,Steve,Drown,,BFA SPRING,TU FR,8:45-11:30,07,,,,
1,,,,,,15,,,,AM,AM 220,,Songwriting,Dominic,LaVoie,,BFA SPRING,TU TH,6:30-9:15,250,Day/room change,,,
x,,,,,,IS,,,,AM,AM 400,,(M) Music Minor Capstone,Steve,Drown,,BFA SPRING,-,-,-,,Independent Study,,
,,,,,,,,,,,Ceramics,,,,,,,,,,,,,
1,,,,,,16,,,,CE,CE 245,,(PE) Empty Bowls & Community Engagement,Kari,Radasch,,BFA SPRING,TU FR,8:30-11:15,511,PE minor ,,,
1,,,,,,16,,,,CE,CE 250,,Slip Casting and Press Molding,Patrick,Coughlin,,BFA SPRING,TU FR,12:00-2:45,511,,,,
1,,,,,,16,,,,CE,CE 305,,Ceramics Throwing-Advanced,Tyler,Gulden,,BFA SPRING,M TH,1:30-4:15,511,,,Must have taken intro to ceramics or test out with Faculty ,
0.5,,,,,,JR MAJOR,,,,CE,CE 302,,Ceramics III: Major Studio,Patrick ,Coughlin,,BFA SPRING,M TH,8:45-11:30,511,,,,
0.5,,,,,,SR MAJOR,,,,CE,CE 402,,Ceramics IV: Major Studio,Patrick,Coughlin,,BFA SPRING,M TH,8:45-11:30,511,,,,
,,,,,,,,,,,,,,,,,,,,,,,,
,,,,,,,,,,,Graphic Design,,,,,,,,,,,,,
1,,,,,,20,,,,GD,GD 111,,Perpetual Play,Lorin,Brown,,BFA SPRING,M W,6:30-9:15,305- 316A,,,moved to spring,
1,,,,,,18,,,,GD,GD 221,,Branding and Visual Systems,Amy,Parker,,BFA SPRING,TU FR,3:00-5:45,305-316A,,,,
1,,,,,,18,,,,GD,GD 302,,Information Design,Peter,Alfano,,BFA SPRING,TU FR,8:30-11:15,316A,,,,
1,,,,,,18,,,,GD,GD 331,,Typography II,Jan,Fairbairn,,BFA SPRING,M TH,1:30-4:15,316,3/11,,Time change,
1,,,,,,18,,,,GD,GD 450,,Degree Project,Mary–Jo,Valentino,,BFA SPRING,M TH,8:45-11:30,316,,,,
,,,,,,,,,,,,,,,,,,,,,,,,
,,,,,,,,,,,Illustration,,,,,,,,,,,,,
1,,,,,,18,,,,IL,IL 110,1,Methods and Media in Illustration,Andrew ,DeGraff,,BFA SPRING,M TH,1:30-4:15,103,,,,
1,,,,,,18,,,,IL,IL 110,2,Methods and Media in Illustration,Michael,Connor,,BFA SPRING,M TH,8:30-11:15,103,,,,
1,,,,,,18,,,,IL,IL 212,1,Illustration in Context,Sarah,Shaw,,BFA SPRING,M TH,1:30-4:15,509,,,,
1,,,,,,18,,,,IL,IL 212,2,Illustration in Context ,Mary Anne,Lloyd,,BFA SPRING,TU TH,6:30-9:15,509,day/time changed #2,,,
1,,,,,,18,,,,IL,IL 306,,Introduction to Comics,Michael,Connor,,BFA SPRING,TU FR,12:00-2:45,509,,,,
1,,,,,,JR MAJOR,,,,IL,IL 322,1,Illustration Majors Studio,Andrew ,DeGraff,,BFA SPRING,M TH,8:45-11:30,315,,,,
1,,,,,,JR MAJOR,,,,IL,IL 322,2,Illustration Majors Studio,Sarah,Shaw,,BFA SPRING,M TH,8:45-11:30,315,,,,
1,,,,,,18,,,,IL,IL 336,,Advanced Comics ,Sarah ,Shaw,,BFA SPRING,WED,9:00-2:45,509,,,Fast Track. ML: (we are working on a new title) ,
1,,,,,,18,,,,IL,IL 340,,Editorial Illustration: Concept to Print,Mary Anne,Lloyd,,BFA SPRING,TU FR,8:30-11:15,509,Fast Track name?,,,
1,,,,,,MAJORS,,,,IL,IL 351,,Introduction to the Discipline,Leticia,Plate,,BFA SPRING,TU FR,8:30-9:45,250,3/10,,,
0.5,,,,,,SR MAJOR,,,,IL,IL 423,,Illustration Majors Studio,Devin ,Harrington,,BFA SPRING,M TH,1:30-4:15,315,,,,
1,,,,,,SR MAJOR,,,,IL,IL 423,,Illustration Majors Studio,Mary Anne,Lloyd,,BFA SPRING,M TH,1:30-4:15,315,,,,
,,,,,,,,,,,Metalsmithing & Jewelry,,,,,,,,,,,,,
1,,,,,,17,,,,MJ,MJ 101,,Metalsmithing & Jewelry I,Sharon,Portelance,,BFA SPRING,TU FR,8:30-11:15,408,3/12,,day / time changed,
1,,,,,,12 - 5,,,,MJ,"MJ 250 / 
MJ 325",,Intermediate Metalsmithing I + Advanced Metalsmithing I,Kyle,Patnaude,,BFA SPRING,M TH,1:30-4:15,408,3/12,,,
0.5,,,,,,JR MAJOR,,,,MJ,MJ 302 ,,Metalsmithing & Jewelry Majors Studio,Kyle,Patnaude,,BFA SPRING,M TH,8:45-11:30,408-408B,,,,
0.5,,,,,,SR MAJOR,,,,MJ,MJ 402,,Metalsmithing & Jewelry Majors Studio,Kyle,Patnaude,,BFA SPRING,M TH,8:45-11:30,408-408B,,,,
,,,,,,,,,,,Painting,,,,,,,,,,,,,
1,,,,,,18,,,,PT,PT 221,1,Independent Projects in Painting,Andy,Rosen,,BFA SPRING,TU FR,3:00-5:45,402,,,,
1,,,,,,18,,,,PT,PT 223,,Paintings without Pictures,Honour,Mack,,BFA SPRING,M TH,1:30-4:15,401,"2/26/26
Fast Track - Name Change",Course Changed,HM,
1,,,,,,18,,,,PT,PT 225,,Water Media,Philip,Brou-P,,BFA SPRING,TU FR,8:30-11:15,402,,BLANK,,
1,,,,,,MAJORS,,,,PT,PT 351,,Introduction to the Discipline,Patricia,Brace,,BFA SPRING,M TH,4:30-5:45,105,3/10,,,
1,,,,,,JR MAJOR,,,,PT,PT 322,,Painting Majors Studio,Philip,Brou-P,,BFA SPRING,M TH,8:45-11:30,401,,,,
1,,,,,,SR MAJOR,,,,PT,PT 422,,Painting Majors Studio. (3-6 cr option w/Chair permission) ,Honour,Mack,,BFA SPRING,M TH,8:45-11:30,401,,,,
,,,,,,,,,,,Photography,,,,,,,,,,,,,
1,,,,,,18,,,,PH,PH 222,,Color Photography,Scott,Peterman,,BFA SPRING,TU TH,6:30-9:15,013-025,,,,
1,,,,,,17,,,,PH,PH 232,,Large Format Photography,Justin,Kirchoff,,BFA SPRING,TU FR,8:30-11:15,013-025-412,3/12,,,
1,,,,,,16,,,,PH,PH 314,,Experimental Photography,Dylan,Hausthor,,BFA SPRING,WED,12:00-5:30,013-025-412,3/12,,02/11 JK moved from Fall to Spring,
0.5,,,,,,mixed,,,,PH,PH 322-422,,Photography Majors Studio,Justin,Kirchoff,,BFA SPRING,M,8:45-11:30,013-025-412,3/12,,,
0.5,,,,,,JR MAJOR,,,,PH,PH 322,,Photography Majors Studio,Tabitha,Barnard,,BFA SPRING,M W,8:45-11:30,013-025-412,3/12,,,
0.5,,,,,,SR MAJOR,,,,PH,PH 422,,Photography Majors Studio,Tabitha,Barnard,,BFA SPRING,M W,8:45-11:30,013-025-412,3/12,,,
,,,,,,,,,,,,,,,,,,,,,,,,
,,,,,,,,,,,Printmaking,,,,,,,,,,,,,
1,,,,,,17,,,,PR,PR 101,,Printmaking 1: Relief,Bennett,Morris,,BFA SPRING,TU FR,12:00-2:45,406,,,,
1,,,,,,16,,,,PR,PR 240,,The Book as Visual Object,Martha,Kerley,,BFA SPRING,M TH,1:30-4:15,406,,,,
0.5,,,,,,JR MAJOR,,,,PR,PR 302,,Printmaking Majors Studio,Bennett,Morris,,BFA SPRING,M TH,8:45-11:30,406,,,,
0.5,,,,,,SR MAJOR,,,,PR,PR 402,,Printmaking Majors Studio,Bennett,Morris,,BFA SPRING,M TH,8:45-11:30,406,,,,
,,,,,,,,,,,Sculpture,,,,,,,,,,,,,
1,,,,,,12,,,,SC,SC 105,,"The Sculptural Imagination: Wood, Steel and Foundry Practices",Joshua,Reiman,,BFA SPRING,TU FR,12:00-2:45,505-508,,,,
1,,,,,,12,,,,SC,SC 229,,"Club as Context: Collage, Sound, and Space",Ben,Spalding,,BFA SPRING,TU FR,3:00-5:45,508,Fast Track - only running next year,,,
1,,,,,,JR MAJOR,,,,SC,SC 322,,Sculpture: Junior Major Studio,Patricia,Brace,,BFA SPRING,M TH,8:45-11:30,508,,,,
1,,,,,,SR MAJOR,,,,SC,SC 422,,Sculpture: Senior Major Studio. (3-6 cr option),Joshua,Reiman,,BFA SPRING,M TH,8:45-11:30,508,,,,
,,,,,,,,,,,Textile & Fashion Design,,,,,,,,,,,,,
1,,,,,,15,,,,TF,TF 203,,(S) Surface Design,Mali,Mrozinski,,BFA SPRING,M TH,1:30-4:15,302-303,3/6,,,
1,,,,,,12,,,,TF,TF 215,,Weaving,Betsy,Scheintaub,,BFA SPRING,TU FR,8:30-11:15,301-302-303,3/6,,,
1,,,,,,12,,,,TF,TF 221,,Draping & Construction,Jill,McGowan,,BFA SPRING,WED,12:00-5:30,301-302-303,,,"AK: Course Number Change, Formerly TF 321
Fast Track course code change",
0.5,,,,,,JR MAJOR,,,,TF,TF 325,,Collection Development,Mali,Mrozinski,,BFA SPRING,M TH,8:45-11:30,301-302-303,,,Betsy and Mali will be teaching these 9 credits collaboratively but each instructor is assigned to only one class as the instructor of record,
1,,,,,,SR MAJOR,,,,TF,TF 422,,Majors Thesis Studio (6 cr.),Betsy,Scheintaub,,BFA SPRING,M TH 8:45-11:30,WED 12:00-5:30,MIXED,see above,,,
,,,,,,,,,,,Woodworking & Furniture Design,,,,,,,,,,,,,
1,,,,,,12,,,,WF,WF 101,,Introduction to Woodworking,John,Gardiner,,BFA SPRING,M TH,1:30-4:15,318-319,Day time change,,02/12 MH Moved to spring from fall term,
1,,,,,,12,,,,WF,WF 125,,Models & Mockups,John,Gardiner,,BFA SPRING,TU FR,12:00-2:45,318-319,,,,
0.5,,,,,,JR MAJOR,,,,WF,WF 322,,Wood & Furniture Major Studio,John,Gardiner,,BFA SPRING,M TH,8:45-11:30,318-319,,,,
0.5,,,,,,SR MAJOR,,,,WF,WF 422,,Wood & Furniture Major Studio,John,Gardiner,,BFA SPRING,M TH,8:45-11:30,318-319,,,,
,,,,,,,,,,,,,,,,,,,,,,,,
,,,,,,,,,,,,,,,,,,,,,,,,
,,,,,,,,,,,Seminars,,,,,,,,,,,,,
,,,,,,,,,,,,,,,,,,,,,,,,
,,,,,,,,,,,Minor Capstone,,,,,,,,,,,,,
X,,,,,,IS,,,,PE,PE 400,,(PE) Public Engagement Minor Capstone,TBA,TBA,,BFA SPRING,-,-,-,,Independent Study,,
X,,,,,,IS,,,,ST,ST 400,,(AE) Art & Entrepreneurship Minor Capstone,TBA,TBA,,BFA SPRING,-,-,-,,Independent Study,,
,,,,,,,,,,,,,,,,,,,,,,,,
,,,,,,,,,,,"SEMINARS: Suggestions Welcome, Assigned by Dean's Office",,,,,,,,,,,,,
1,,,,,,20,,,,SEM,SEM 351,GD,Interaction Design,Peter,Alfano,,BFA SPRING,TU FRI,12:00-2:45,316A,,,,
,,,,,,,,,,,SEMINAR: Synthesis,,,,,,,,,,,,,
1,,,,,,18,,,,SEM,SEM 452,1,Senior Synthesis,Adriane,Herman,,BFA SPRING,M TH,1:30-2:45,7,,,,
1,,,,,,18,,,,SEM,SEM 452,2,Senior Synthesis,Joshua,Reiman,,BFA SPRING,M TH,1:30-2:45,250,PC:  (but I am overbooked),,,
X,,,,,,36,,,,,AG + GD + IL students can only take this course with permission of the chair. Not required as of AY 17-18 for these departments,,,,,,,,,,,,,
,,,,,,,,,,,,,,,,,,,,,,,,
119.16,125.66,,,,,,,,,,244.82,,,,,,,,,,,,,
Spring,Fall,,,,,,,,,,total,,,,,,,,,,,,,
,,,,,,,,,,,,,,,,,,,,,,,,
,,,,,,,,,,,,,,,,,,,,,,,,
,,,,,,,,,,,,,,,,,,,,,,,,
0,,,,,,,,,,AG,AG 201,1,Character Animation ,Adam,Fisher,,BFA SPRING,AG 120/ AG 120-ADV,,,,Course is cut,,
0,,,,,,,,,,AG,AG 329,,Special Topics: Shaders & VFX ,Adam,deGrandis,,BFA SPRING,,,,,Course is cut,,
0,,,,,,0,,,,AS,AH 102,5,Art History Survey II,,,,BFA SPRING,,,,revised schedule,Course is cut,,
0,,,,,,0,,,,AS,AH 250,5,Critical Approaches to Contemporary Art- pending enrollment,,,,BFA SPRING,,,,,Course is cut,,
0,,,,,,0,,,,AS,AH 391,,"(S) Indigeneity, Objects, and Exhibitionism",Rose,Logie,,BFA SPRING,,,,Moved to Fall,Course is cut,,
0,,,,,,0,,,,CE,CE,,TBD or nothing ,,,,BFA SPRING,,,,,Course is cut,,
0,,,,,,0,,,,FN,DR 100,5,Introduction to Drawing, , ,,BFA SPRING,,,,,Course is cut,,
0,,,,,,0,,,,FN,DR 110,H2,Honors: Introduction to Drawing, , ,,BFA SPRING,,,, ,Course is cut,,
0,,,,,,0,,,,AS,EN 100,6,English Composition,John,Portlock,,BFA SPRING,,,,revised schedule,Course is cut,,
0,,,,,,0,,,,FN,FN 110,0,4D: Space & Temporality, , ,,BFA SPRING,,,,,Course is cut,,
0,,,,,,0,,,,AS,NS 305,,(S) Botany,Elizabeth,Webb,,BFA SPRING,,,,,Course is cut,,
0,0,0,0,0,0,0,,,,PH,PH 101,1,Introduction to Photography,Justin,Kirchoff,,BFA SPRING,,,,,Course is cut,,
0,0,0,0,0,0,0,,,,PH,PH 310,,Alternative Processes,Justin,KIrchoff,,BFA SPRING,W,12-5:30,,,Course is cut,"02/11 JK cancelled, to bring PH 314 to spring term",
0,,,,,,0,,,,PT,PT 223,,Forms and Transformation,Honour,Mack,,BFA SPRING,,,,,,,
0,,,,,,12,,,,WF,WF 235,,CURViture,John,Gardiner,,BFA SPRING,,,,,Course is cut,02/12 MH Moved to fall ,
,,,,,,,,,,,,,,,,,,,,,,,,
,,,,,,,,,,,,,,,,,,,,,,,,
,,,,,,,,,,,,,,,,,,,,,,,,
,,,,,,,,,,,Research & Inquiry (THEMED) ,,revised schedule,,,,,[studio best in classroom 502],,,"holding pattern, repeat themes and teams where possible",,,
,,,,,,,,,,FN,FN 108,1,(S) Research & Inquiry-Voyages (Studio),hold, ,,BFA SPRING,,,,revised schedule,,,
,,,,,,,,,,AS,SEM 108,1,(S) Research & Inquiry-Voyages (Academic), ,,,BFA SPRING,,,,revised schedule,,,
,,,,,,,,,,FN,FN 108,2,Research & Inquiry-The Language Wars (studio),hold, ,,BFA SPRING,,,,revised schedule,,,
,,,,,,,,,,AS,SEM 108,2,Research & Inquiry-The Language Wars  (Academic), ,,,BFA SPRING,,,,revised schedule,,,
,,,,,,,,,,FN,FN 108,3,(PE) R&I-Enclaves and Activism: Communities of Resistance and Resilience-US. (studio),hold, ,,BFA SPRING,,,,revised schedule,,,
,,,,,,,,,,AS,SEM 108,3,(PE)Research & Inquiry- Enclaves and Activism: Communities of Resistance and Resilience-US.(Academic), ,,,BFA SPRING,,,,revised schedule,,,
,,,,,,,,,,FN,FN 108,4,(S) Research & Inquiry-Voyages (sudio),hold, ,,BFA SPRING,,,,revised schedule,,,
,,,,,,,,,,AS,SEM 108,4,(S) Research & Inquiry-Voyages  (Academic), ,,,BFA SPRING,,,,revised schedule,,,
,,,,,,,,,,FN,FN 108,5,Research & Inquiry-Dystopian Landscapes (studio),hold, ,,BFA SPRING,,,,revised schedule,,,
,,,,,,,,,,AS,SEM 108,5,Research & Inquiry-Dystopian Landscapes  (Academic), ,,,BFA SPRING,,,,revised schedule,,,
,,,,,,,,,,FN,FN 108,6,Research & Inquiry-Dystopian Landscapes (studio),hold, ,,BFA SPRING,,,,revised schedule,,,
,,,,,,,,,,AS,SEM 108,6,Research & Inquiry-Dystopian Landscapes  (Academic), ,,,BFA SPRING,,,,revised schedule,,,
,,,,,,,,,,FN,FN 108,7,(M) Research & Inquiry-Music (studio),hold, ,,BFA SPRING,,,,revised schedule,,,
,,,,,,,,,,AS,SEM 108,7,(M) Research & Inquiry- Music (Academic), , ,,BFA SPRING,,,,revised schedule,,,
x,,,,,,0,,,,0,,,,,,,,,,,,,,