count,SAB / CR,MFA,MAT,SALT,MAE,Course caps,Enrollment,wait listed,,Dept,Course,section,Combined AY 26-27,Professor First name,Professor Last name,,TERM,DAY,TIME,ROOM,NOTE / DATE,pull down ,DEAN NOTES,LAB FEE
,,,,,,,,,,,,,,,,,,,,,,,,
0,,,,,,0,,,,TF,TF 216,,Constructed Textiles,Elana,Adler,,BFA FALL,,,,,,,
0.5,,,,,,12,,,,FN,FN 109,2TS,3D Materiality: Textiles. week 1-7,Elana,Adler,,BFA FALL,TU FR,3:00-5:45,302-303,,,,
0.5,,,,,,-,,,,FN,FN 109,1TS,3D Materiality: Textiles.  week 8-14,Elana,Adler,,BFA FALL,TU FR,3:00-5:45,302-303,,,,
0.5,,,,,,12,,,,FN,FN 109,2TM,3D Materiality: Textiles  7-week class runs 1/11-2/26,Elana,Adler,,BFA SPRING,TU FR,12:00-2:45,301-302,3/11,,,
0.5,,,,,,-,,,,FN,FN 109,1TM,3D Materiality: Textiles  7-week class runs 3/1-4/23,Elana,Adler,,BFA SPRING,TU FR,12:00-2:45,301-302,3/11,,,
,,,,,,,,,,,,,,,,,,,,,,,,
1,,,,,,18,,,,FN,FN 113,D2,Two-Dimensional Design: Digital,Peter,Alfano,,BFA FALL,TU FR,12:00-2:45,305,fast track and test section,,TC-Computer lab,
1,,,,,,18,,,,GD,GD 211,,Typography I,Peter,Alfano,,BFA FALL,M TH,1:30-4:15,316B,3/11,Prof changed,AD- changed from Jan to Peter,
1,,,,,,junior,,,,GD,GD 336,,Special Topics: Motion Design,Peter,Alfano,,BFA FALL,TU FR,3:00-5:45,316B,3/10,,,
1,,,,,,18,,,,GD,GD 302,,Information Design,Peter,Alfano,,BFA SPRING,TU FR,8:30-11:15,316A,,,,
1,,,,,,20,,,,SEM,SEM 351,GD,Interaction Design,Peter,Alfano,,BFA SPRING,TU FRI,12:00-2:45,316A,,,,
0,,,,,,seniors,,,,GD,GD 431,,Senior Studio. [anticipate 8 seniors],Peter,Alfano,,BFA FALL,M TH,8:45-11:30,MAJOR SPACE,3/11,Prof changed,AD- changed from Peter to TBA,
0,,,,,,18,,,,GD,GD 211,,Typography 1,Peter,Alfano,,BFA FALL,TU FR,3:00-5:45,316B,3/10,Prof changed,,
0,,,,,,18,,,,FN,FN 101 ,DP1,Digital Imaging: Drawing & Painting,Peter,Alfano,,BFA FALL,TU TH,6:30-9:15,305,2/20,,TC EMAI;,
,,,,,,,,,,,,,,,,,,,,,,,,
1,,,,,,18,,,,FN,FN 113,1,Two-Dimensional Design,Greta,Bank,,BFA FALL,TU FR,3:00-4:45,502,3/5,,changed section #,
1,,,,,,18,,,,FN,DR 100,3,Introduction to Drawing,Greta,Bank,,BFA SPRING,TU FR,3:00-5:45,103,2/26/26,Prof changed,TC email,
1,,,,,,18,,,,FN,DR 227,,Anatomical Drawing,Greta,Bank,,BFA SPRING,TU TH,6:30-9:15,102,,,,
,,,,,,,,,,,,,,,,,,,,,,,,
1,,,,,,16,,,,FN,FN 101 ,PH1,Digital Imaging: Photography,Tabitha,Barnard,,BFA FALL,M W,6:30-9:15,013-025,,,,
1,,,,,,15,,,,FN,FN 110,7,4D: Space & Temporality,Tabitha,Barnard,,BFA SPRING,M W,1:30-4:15,013-502,,,,
0.5,,,,,,JR MAJOR,,,,PH,PH 322,,Photography Majors Studio,Tabitha,Barnard,,BFA SPRING,M TH,8:45-11:30,013-025-412,,,,
0.5,,,,,,SR MAJOR,,,,PH,PH 422,,Photography Majors Studio,Tabitha,Barnard,,BFA SPRING,M TH,8:45-11:30,013-025-412,,,,
,,,,,,,,,,,,,,,,,,,,,,,,
,,1,,,,10,,M1,,MFA,MST 852,1,Studio II,Bianca,Beck,,MFA-FALL,,,,6,,,
,,,,,,,,,,,,,,,,,,,,,,,,
,,0.5,,,,15,,,,MFA,MST 851,2,Studio I,Stephen,Benenson,,MFA-SUM,,107,6,,,,
,,0.5,,,,15,,,,MFA,MST 856,2,Studio IV,Stephen,Benenson,,MFA-SUM,,107,6,,,,
,,,,,,,,,,,,,,,,,,,,,,,,
0,,,,,,12,,,,FN,FN 109,1TST,3D Materiality:  Sculpture. week 1-7,Patricia,Brace,,BFA FALL,TU FR,8:30-11:15,508,2/20,Prof changed,TC email,
0,,,,,,-,,,,FN,FN 109,2WT,3D Materiality:  Sculpture. week 8-15,Patricia,Brace,,BFA FALL,TU FR,8:30-11:15,508,2/20,Prof changed,TC email,
0,,,,,,15,,,,FN,FN 110,4,4D: Space & Temporality,Patricia,Brace,,BFA SPRING,TU FR,8:30-11:15,277-508,2/20,Prof changed,TC email,
1,,,,,,18,,,,FN,FN 101 ,DP1,Digital Imaging: Drawing & Painting,Patricia,Brace,,BFA FALL,TU TH,6:30-9:15,305,2/20,,TC email,
1,,,,,,20,,,,SEM,SEM 353,FA1,3YR Seminar: Fine Art Topics-Practice.  [anticipate 22 students over 2 sections],Patricia,Brace,,BFA FALL,TU FR,3:00-5:45,07,,,,
1,,,,,,MAJORS,,,,PT,PT 351,,Introduction to the Discipline,Patricia,Brace,,BFA SPRING,M TH,4:30-5:45,105,3/10,,,
1,,,,,,JR MAJOR,,,,SC,SC 322,,Sculpture: Junior Major Studio,Patricia,Brace,,BFA SPRING,M TH,8:45-11:30,508,,,,
,,1,,,,10,,M2,,MFA,MST 857,2,Studio V,Patricia,Brace,,MFA-FALL,,,,6,,,1500
,,,,,,,,,,,,,MFA,,,,,,,,,,,
,,,,,,,,,,,,,,,,,,,,,,,,
1,,,,,,18,,,,FN,FN 113,3,Two-Dimensional Design,Jennifer,Brou-J,,BFA FALL,M TH,8:30-11:15,502,3/5,Prof changed,,
1,,,,,,18,,,,FN,FN 113,4,Two-Dimensional Design,Jennifer,Brou-J,,BFA FALL,M TH,1:30-4:15,502,3/5/26,,changed section #,
1,,,,,,18,,,,FN,DR 100,4,Introduction to Drawing,Jennifer,Brou-J,,BFA SPRING,M TH,8:30-11:15,102,,,,
,,,,,,,,,,,,,,,,,,,,,,,,
0,,,,,,18,,,,PT,PT 100,1,Foundations in Painting,Philip,Brou-P,,BFA FALL,M TH,8:30-11:15,402,,Prof changed,,
1,,,,,,18,,,,FN,FN 113,2,Two-Dimensional Design,Philip,Brou-P,,BFA FALL,TU FR,8:30-11:15,502,3/5,,changed section #,
1,,,,,,18,,,,PT,PT 224,,Painting the Human Form,Philip,Brou-P,,BFA FALL,TU FR,12:00-2:45,402,,,,
1,,,,,,seniors,,,,PT,PT 421,-,Painting Majors Studio. [anticipate 8 seniors],Philip,Brou-P,,BFA FALL,M TH,8:45-11:30,401,,,,
1,,,,,,18,,,,FN,DR 110,H1,Honors: Introduction to Drawing,Philip,Brou-P,,BFA SPRING,M TH,1:30-4:15,102,3/9,,,
1,,,,,,18,,,,PT,PT 225,,Water Media,Philip,Brou-P,,BFA SPRING,TU FR,8:30-11:15,402,,BLANK,,
1,,,,,,JR MAJOR,,,,PT,PT 322,,Painting Majors Studio,Philip,Brou-P,,BFA SPRING,M TH,8:45-11:30,401,,,,
,,,,,,,,,,,,,,,,,,,,,,,,
0,,,,,,20,,,,GD,GD 111,,Perpetual Play,Lorin,Brown,,BFA FALL,M W,6:30-9:15,305- 316B,3/6/26,,moved to spring,
1,,,,,,20,,,,GD,GD 111,,Perpetual Play,Lorin,Brown,,BFA SPRING,M W,6:30-9:15,305- 316A,,,moved to spring,
,,,,,,,,,,,,,,,,,,,,,,,,
0.5,,,,,,12,,,,AS,AH 378,,Cultural Remembrance & Traditions of Commemoration,Rebekah,Bryer,,BFA FALL,WED,12:00-2:45,104,,,,
0.5,,,,,,12,,,,AS,WH 378,,Cultural Remembrance & Traditions of Commemoration,Rebekah,Bryer,,BFA FALL,WED,12:00-2:45,104,cross-list w/ AH 378,,,
1,,,,,,25,,,,AS,WH 249,,History as Narrative Storytelling,Rebekah,Bryer,,BFA SPRING,M TH,10:15-11:30,105,Fast track,,,
,,,,,,,,,,,,,,,,,,,,,,,,
,,,1,,,,,,,MAT,MAT 810,,"PK-8 Curriculum Design, Development, and Assessment",Corey,Buck,,MAT FALL,August 31- October 14,M W,4:30-7:30,510,,,
,,,,,,,,,,,,,,,,,,,,,,,,
0,,,,,,0,,,,CE,CE 201,2,Ceramics Throwing- Beginning,Christine ,Caswell,,BFA FALL,,,,,Course is cut,,
,,,,,,,,,,,,,,,,,,,,,,,,
1,,,,,,18,,,,AG,AG 101,1,Animation I,Hanji,Chang,,BFA FALL,M TH,8:45-11:30,289,3/6,,,
,,,,,,,,,,,,,,,,,,,,,,,,
0.5,,,,,,junior,,,,CE,CE 301,,Ceramics III: Major Studio. [anticipate 6 juniors],Autumn,Cipala,,BFA FALL,M TH,8:45-11:30,501-511,,,,
0.5,,,,,,seniors,,,,CE,CE 401,,Ceramics IV: Major Studio [anticipate 2 seniors],Autumn,Cipala,,BFA FALL,M TH,8:45-11:30,501-511,,,,
0,,,,,,14,,,,CE,CE 201,1,Ceramics Throwing- Beginning,Autumn,Cipala,,BFA FALL,WED,9:00-2:45,511,2/20,Prof changed,,
,,,,,,,,,,,,,,,,,,,,,,,,
1,,,,,,18,,,,FN,FN 101 ,B1,Digital Imaging & Fabrication,Tracey,Cockrell,,BFA FALL,M TH,8:30-11:15,305-407,3/6,,,
1,,,,,,18,,,,FN,FN 101 ,DP3,Digital Imaging: Drawing & Painting (possibly I&F),Tracey,Cockrell,,BFA FALL,TU FR,3:00-5:45,305,,,,
1,,,,,,15,,,,FN,FN 110,1,4D: Space & Temporality,Tracey,Cockrell,,BFA SPRING,M TH,8:30-11:15,305-502,,,,
1,,,,,,15,,,,FN,FN 110,4,4D: Space & Temporality,Tracey,Cockrell,,BFA SPRING,TU FR,8:30-11:15,277-508,2/20,Prof changed,TC email,
0,,,,,,18,,,,FN,DR 235,,"Landscape: Map, Measure, Draw???",Tracey,Cockrell,,BFA SPRING,TU FR,8:30-11:15,103,,Prof changed,,
,,,,,,,,,,,,,,,,,,,,,,,,
1,,,,,,18,,,,IL,IL 104,1,Intro to Ink for Illustrators,Michael,Connor,,BFA FALL,TU FR,8:30-11:15,509,,,,
1,,,,,,18,,,,IL,IL 104,2,Intro to Ink for Illustrators,Michael,Connor,,BFA FALL,TU FR,12:00-2:45,509,,,,
1,,,,,,18,,,,IL,IL 240,1,Setting the Scene ,Michael,Connor,,BFA FALL,M TH,1:30-4:15,509,,,,
1,,,,,,18,,,,FN,DR 140,,Thinking with Drawing,Michael,Connor,,BFA SPRING,TU FR,8:30-11:15,103,2/26,Course Changed,TC  email,
1,,,,,,18,,,,IL,IL 110,2,Methods and Media in Illustration,Michael,Connor,,BFA SPRING,M TH,8:30-11:15,103,,,,
1,,,,,,18,,,,IL,IL 306,,Introduction to Comics,Michael,Connor,,BFA SPRING,TU FR,12:00-2:45,509,,,,
0,,,,,,18,,,,FN,DR 100,3,Introduction to Drawing,Michael,Connor,,BFA SPRING,M TH,1:30-4:15,102,2/26,Prof changed,TC email,
,,,,,,,,,,,,,,,,,,,,,,,,
1,,,,,,14,,,,CE,CE 310,,(AE) From Clay to Commerce,Patrick,Coughlin,,BFA FALL,WED,9:00-2:45,511,,,,
1,,,,,,16,,,,CE,CE 311,,Glaze Chemistry & Kiln Firing,Patrick,Coughlin,,BFA FALL,TU FR,8:30-11:15,501-511,,,,
0.5,,,,,,12,,,,FN,FN 109,5CW,3D Materiality: Ceramics week 1-7,Patrick,Coughlin,,BFA FALL,TU FR,3:00-5:45,511,,,,
0.5,,,,,,-,,,,FN,FN 109,6CW,3D Materiality: Ceramics week 8-14,Patrick,Coughlin,,BFA FALL,TU FR,3:00-5:45,511,,,,
1,,,,,,16,,,,CE,CE 250,,Slip Casting and Press Molding,Patrick,Coughlin,,BFA SPRING,TU FR,12:00-2:45,511,,,,
0.5,,,,,,SR MAJOR,,,,CE,CE 402,,Ceramics IV: Major Studio,Patrick,Coughlin,,BFA SPRING,M TH,8:45-11:30,511,,,,
0.5,,,,,,JR MAJOR,,,,CE,CE 302,,Ceramics III: Major Studio,Patrick,Coughlin,,BFA SPRING,M TH,8:45-11:30,511,,,,
,1,,,,,,,,,,,,Program Chair Course Release,Patrick,Coughlin,,BFA SPRING,,,,,,,
0,,,,,,18,,,,SEM,SEM 452,1,Senior Synthesis,Patrick,Coughlin,,BFA SPRING,M TH,1:30-2:45,250,,Prof changed,,
0,,,,,,12,,,,FN,FN 109,1CT,3D Materiality: Ceramics. week 1-7,Patrick,Coughlin,,BFA SPRING,,,,2/20/26,,TC email,
0,,,,,,-,,,,FN,FN 109,2CT,3D Materiality: Ceramics. week 8-15,Patrick,Coughlin,,BFA SPRING,,,,2/20/26,,TC email,
,,,,,,,,,,,,,,,,,,,,,,,,
0,,,,,,0,,,,AS,EN 100,1,English Composition,Pedro,Daher,,BFA FALL,X,X,X,,,,
0,,,,,,0,,,,AS,EN 100,2,English Composition,Pedro,Daher,,BFA FALL,X,X,X,,,,
1,,,,,,25,,,,AS,HU 323,2,(W) Creative Writing,Pedro,Daher,,BFA FALL,TU FR,4:30-5:45,104,,,,
1,,,,,,25,,,,AS,HU 374,,Slow Reading: The Joy of the Word & Mindful Concept-Making,Pedro,Daher,,BFA FALL,TU FR,3:00-4:15,104,Fast Track,,,
1,,,,,,25,,,,AS,HU 379,,Global Poetry,Pedro,Daher,,BFA FALL,TU FR,12:00-1:45,104,Fast Track,,,
x,,,,,,IS,,,,AS,HU 440,,(W) Writing Minor Capstone,Pedro,Daher,,BFA FALL,-,-,-,,Independent Study,,
1,,,,,,20,,,,AS,EN 100,1,English Composition,Pedro,Daher,,BFA SPRING,M TH,8:30-9:45,250,revised schedule,,,
1,,,,,,20,,,,AS,EN 100,2,English Composition,Pedro,Daher,,BFA SPRING,M TH,10:15-11:30,250,revised schedule,,,
x,,,,,,IS,,,,AS,HU 440,,(W) Writing Minor Capstone,Pedro,Daher,,BFA SPRING,-,-,-,,Independent Study,,
1,,,,,,25,,,,AS,PL 228,,Anti-hegemonic Thought: Literature and Philosophy,Pedro,Daher,,BFA SPRING,WED,8:45-11:30,250,fast track,,,
,,,,,,,,,,,,,,,,,,,,,,,,
1,,,,,,20,,,,AS,HU 370,,(W) Writing Past Catharsis: Micro-Memoir,Alana,Dao,,BFA SPRING,TU FR,12:00-1:15,104,3/9/26,,,
,,,,,,,,,,,,,,,,,,,,,,,,
1,,,,,,20,,,,AS,NS 301 ,,(PE) (S) Natural History-Coastal Ecosystems,Deb,Debiegun,,BFA FALL,WED,8:45-11:30,208,,,,
1,,,,,,20,,,,AS,NS 304,,(PE) (S) Living Sustainably,Deb,Debiegun,,BFA SPRING,WED,8:30-11:15,208,,,,
,,,,,,,,,,,,,,,,,,,,,,,,
1,,,,,,18,,,,IL,IL 107,1,Portrait Drawing in Illustration: People and Animals,Andrew ,DeGraff,,BFA FALL,M TH,1:30-4:15,103,,,,
1,,,,,,junior,,,,IL,IL 321,2,Illustration Majors Studio,Andrew ,DeGraff,,BFA FALL,M TH,8:45-11:30,315,,,,
1,,,,,,18,,,,IL,IL 110,1,Methods and Media in Illustration,Andrew ,DeGraff,,BFA SPRING,M TH,1:30-4:15,103,,,,
1,,,,,,JR MAJOR,,,,IL,IL 322,1,Illustration Majors Studio,Andrew ,DeGraff,,BFA SPRING,M TH,8:45-11:30,315,,,,
,,,,,,,,,,,,,,,,,,,,,,,,
0,,,,,,,,,,AG,AG 100 ,2,Special Topics: Intro to Game Development,Adam,deGrandis,,BFA FALL,,,,,Course is cut,,
0,,,,,,,,,,AG,AG 329,,Special Topics: Shaders & VFX ,Adam,deGrandis,,BFA SPRING,,,,,Course is cut,,
1,,,,,,18,,,,AG,AG 100 ,1,Intro to Game Development,Adam,deGrandis,,BFA FALL,M TH,1:30-4:15,289,3/6,,,
1,,,,,,18,,,,AG,AG 245,,Intro to 3D Modeling & Animation,Adam,deGrandis,,BFA FALL,TU FR,12:00-2:45,289,,,,
1,,,,,,16,,,,AG,AG 329,,Special Topics: Shaders & VFX ,Adam,deGrandis,,BFA FALL,TU FR,3:00-5:45,289,,,,
1,,,,,,18,,,,AG,AG 100 ,1,Intro to Game Development,Adam,deGrandis,,BFA SPRING,M TH,8:30-11:15,277,,,,
1,,,,,,18,,,,AG,AG 221,2,Sophomore Production Lab,Adam,deGrandis,,BFA SPRING,M TH,1:30-4:15,277,,,,
1,,,,,,18,,,,AG,AG 345,,Intermediate 3D Modeling & Animation,Adam,deGrandis,,BFA SPRING,TU FR,8:30-11:15,289,,,,
0.5,,,,,,-,,,,AG,AG 351,,Animation & Game Art Concepts and History,Adam,deGrandis,,BFA SPRING,TU FR,12:00-2:45,213,,,,
,,,,,,,,,,,,,,,,,,,,,,,,
1,,,,,,16,,,,AM,AM 202,,Sound Design – Painting in the Sonic Realm,Steve,Drown,,BFA FALL,WED,12:00-5:30,007,,,,
x,,,,,,x,,,,AM,AM 400,,(M) Music Minor Capstone,Steve,Drown,,BFA FALL,-,-,-,,Independent Study,,
1,,,,,,12,,,,AM,AM 110,,(M) Intro to Digital Audio Recording,Steve,Drown,,BFA SPRING,TU FR,8:45-11:30,07,,,,
x,,,,,,IS,,,,AM,AM 400,,(M) Music Minor Capstone,Steve,Drown,,BFA SPRING,-,-,-,,Independent Study,,
,,,,,,,,,,,,,,,,,,,,,,,,
1,,,,,,16,,,,AG,AG 302,,Background Design for Animation,Lauren,Duda,,BFA FALL,M TH,1:30--4:15,277,,,,
,,,,,,,,,,,,,,,,,,,,,,,,
0.33,,,,,,12,,,,AM,AM 105,,Instrumental Lab: Keyboard  1 cr. class runs 7-week (1/11-2/26),Peter,Dugas,,BFA SPRING,TU,7:00-8:15,07,week 1-7,,,
,,,,,,,,,,,,,,,,,,,,,,,,
0,,,,,,seniors,,,,GD,GD 431,,Senior Studio. [anticipate 8 seniors],Jan,Fairbairn,,BFA FALL,M TH,8:45-11:30,MAJOR SPACE,3/6,Prof changed,,
0,,,,,,18,,,,GD,GD 211,,Typography I,Jan,Fairbairn,,BFA FALL,M TH,1:30-4:15,316B,3/11,Prof changed,,
1,,,,,,18,,,,GD,GD 331,,Typography II,Jan,Fairbairn,,BFA SPRING,M TH,1:30-4:15,316,3/11,,Time change,
,,,,,,,,,,,,,,,,,,,,,,,,
0.5,,,,,,20,,,,AS,AH 101,1,Art History Survey I,Alison,Ferris,,BFA FALL,WED 3:00-4:30 PMA,MON 10:00-11:15,105,revised schedule,,,
0.5,,,,,,20,,,,AS,AH 101,2,Art History Survey I,Alison,Ferris,,BFA FALL,WED 3:00-4:30 PMA,MON 1:30-2:45,105,revised schedule,,,
0.5,,,,,,20,,,,AS,AH 101,3,Art History Survey I,Alison,Ferris,,BFA FALL,WED 3:00-4:30 PMA,MON 3:00-4:15,105,revised schedule,,,
1,,,,,,25,,,,AS,AH 102,3,Art History Survey II,Alison,Ferris,,BFA SPRING,M TH,3:00-4:15,104,revised schedule,,,
1,,,,,,25,,,,AS,AH 102,4,Art History Survey II,Alison,Ferris,,BFA SPRING,M TH,4:30-5:45,104,revised schedule,,,
,,,,,,,,,,,,,,,,,,,,,,,,
1,,,,,,18,,,,AG,AG 201,1,Character Animation ,Adam,Fisher,,BFA FALL,TU FR,12:00-2:45,277,,,,
0.5,,,,,,14,,,,AG,AG 304,2-level class,Stop-Motion and FX,Adam,Fisher,,BFA FALL,WED,9:00-2:45,277,,,,
0.5,,,,,,-,,,,AG,AG 305,2-level class,Adv Stop-Motion and FX,Adam,Fisher,,BFA FALL,WED,9:00-2:45,277,,,,
1,,,,,,seniors,,,,AG,AG 421,,Major Capstone Project Pre-Production,Adam,Fisher,,BFA FALL,M TH,8:45-11:30,MAJOR SPACE,,,,
1,,,,,,18,,,,AG,AG 221,1,Sophomore Production Lab,Adam,Fisher,,BFA SPRING,M TH,1:30-4:15,289,,,,
1,,,,,,18,,,,AG,AG 422,,Major Capstone Production.  (3 cr. or 6 cr. option),Adam,Fisher,,BFA SPRING,M TH,8:45-11:30,111-112,,,,
0,,,,,,,,,,AG,AG 201,1,Character Animation ,Adam,Fisher,,BFA SPRING,AG 120/ AG 120-ADV,,,,Course is cut,,
,,,,,,,,,,,,,,,,,,,,,,,,
0,,,,,,20,,,,FN,FN 113,3,Two-Dimensional Design,Jim,Flahaven,,BFA FALL,M TH,8:30-11:15,502,3/5,Prof changed,,
1,,,,,,18,,,,FN,DR 242,,Color & Drawing: Mixed Media,Jim,Flahaven,,BFA FALL,M TH,1:30-4:15,102,3/6/26,,,
1,,,,,,18,,,,FN,DR 100,1,Introduction to Drawing,Jim,Flahaven,,BFA SPRING,TU FR,8:30-11:15,102,,,,
1,,,,,,18,,,,FN,DR 100,2,Introduction to Drawing,Jim,Flahaven,,BFA SPRING,TU FR,12:00-2:45,102, ,,,
,,,,,,,,,,,,,,,,,,,,,,,,
0,,,,,,12,,,,WF,WF 101,,Introduction to Woodworking,John,Gardiner,,BFA FALL,,,,,Course is cut,02/12 MH moved to spring,
0,,,,,,12,,,,WF,WF 235,,CURViture,John,Gardiner,,BFA SPRING,,,,,Course is cut,02/12 MH Moved to fall ,
0.5,,,,,,-,,,,FN,FN 109,5WC,3D Materiality:Woodworking  week 8-14,John,Gardiner,,BFA FALL,TU FR,3:00-5:45,318-319, ,,,
0.5,,,,,,12,,,,FN,FN 109,6WC,3D Materiality: Woodworking wk 1-7,John,Gardiner,,BFA FALL,TU FR,3:00-5:45,318-319, ,,,
1,,,,,,12,,,,WF,WF 235,,CURViture,John,Gardiner,,BFA FALL,M TH,1:30-4:15,318-319,,,02/12 MH moved to fall from spring term,
1,,,,,,12,,,,WF,WF 246,,Woodworking in Two Dimensions,John,Gardiner,,BFA FALL,TU FR,12:00-2:45,318-319,,,,
1,,,,,,12,,,,WF,WF 101,,Introduction to Woodworking,John,Gardiner,,BFA SPRING,M TH,1:30-4:15,318-319,Day time change,,02/12 MH Moved to spring from fall term,
1,,,,,,12,,,,WF,WF 125,,Models & Mockups,John,Gardiner,,BFA SPRING,TU FR,12:00-2:45,318-319,,,,
0.5,,,,,,JR MAJOR,,,,WF,WF 322,,Wood & Furniture Major Studio,John,Gardiner,,BFA SPRING,M TH,8:45-11:30,318-319,,,,
0.5,,,,,,SR MAJOR,,,,WF,WF 422,,Wood & Furniture Major Studio,John,Gardiner,,BFA SPRING,M TH,8:45-11:30,318-319,,,,
,,,,,,,,,,,,,,,,,,,,,,,,
1,,,,,,18,,,,AG,AG 452,,Major Capstone Project Post-production,Amelia,Garretson-Persans,,BFA SPRING,M TH,1:30-4:15,Major space,,,,
,,,,,,,,,,,,,,,,,,,,,,,,
1,,,,,,120,,,,SEM,SEM 100,,First Year Seminar,Paul,Gebhardt,,BFA FALL,WED,10:00-11:15,PMA,3/9,,,
,,,,,,,,,,,,,,,,,,,,,,,,
0,,,,,,junior,,,,CE,CE 301,,Ceramics III: Majors Studio. [anticipate 6 juniors],Tyler,Gulden,,BFA FALL,M TH,8:45-11:30,501-511,2/20,Prof changed,,
0,,,,,,seniors,,,,CE,CE 401,,Ceramics IV: Majors Studio [anticipate 2 seniors],Tyler,Gulden,,BFA FALL,M TH,8:45-11:30,501-511,2/20,Prof changed,,
1,,,,,,14,,,,CE,CE 201,1,Ceramics Throwing- Beginning,Tyler,Gulden,,BFA FALL,M TH,1:30-4:15,511,,,,
1,,,,,,16,,,,CE,CE 305,,Ceramics Throwing-Advanced,Tyler,Gulden,,BFA SPRING,M TH,1:30-4:15,511,,,Must have taken intro to ceramics or test out with Faculty ,
,,,,,,,,,,,,,,,,,,,,,,,,
1,,,,,,18,,,,IL,IL 240,2,Setting the Scene ,Devin,Harrington,,BFA FALL,M W,6:30-9:15,103,,,,
1,,,,,,senior,,,,IL,IL 421,,Illustration Majors Studio  [anticipate 18 seniors],Devin,Harrington,,BFA FALL,M W,3:00-5:45,MAJOR SPACE,,,,
0.5,,,,,,SR MAJOR,,,,IL,IL 423,,Illustration Majors Studio,Devin,Harrington,,BFA SPRING,M TH,1:30-4:15,315,,,,
0,,,,,,0,,,,IL,IL 107,2,Portrait Drawing in Illustration: People and Animals,Devin ,Harrington,,BFA FALL,,,,,Course is cut,,
,,,,,,,,,,,,,,,,,,,,,,,,
0,,,,,,0,,,,PH,PH 314,,Experimental Photography,Dylan,Hausthor,,BFA FALL,,,,Move to Spring,Course is cut,02/11 JK moved from Fall to Spring,
0,,,,,,15,,,,FN,FN 110,6,4D: Space & Temporality,Dylan,Hausthor,,BFA SPRING,,,,2/20,Prof changed,TC email,
,,0.5,,,,10,,,,MFA,MEL 874,2,Studio Seminar 1,Dylan,Hausthor,,MFA-SUM,TU,9:00-12:00,105,2,,,
,,0.5,,,,10,,,,MFA,MEL 876,2,Studio Seminar IV,Dylan,Hausthor,,MFA-SUM,TU,9:00-12:00,105,2,,,
1,,,,,,16,,,,PH,PH 314,,Experimental Photography,Dylan,Hausthor,,BFA SPRING,WED,12:00-5:30,013-025-412,3/10,,02/11 JK moved from Fall to Spring,
,,,,,,,,,,,,,,,,,,,,,,,,
1,,,,,,20,,,,SEM,SEM 353,FA2,3YR Seminar: Fine Art Topics-Practice.  [anticipate 22 students over 2 sections],Adriane,Herman,,BFA FALL,TU FR,3:00-5:45,105,,,,
1,,,,,,18,,,,SEM,SEM 452,1,Senior Synthesis,Adriane,Herman,,BFA SPRING,M TH,1:30-2:45,7,,,,
,,1,,,,10,,M2,,MFA,MST 863,1,Studio Seminar: Professional Practices,Adriane,Herman,,MFA-FALL,X,X,Online,2,,,
,,1,,,,12,,,,MFA,MST 862,1,Studio Seminar: Studio Writing,Adriane,Herman,,MFA-SPRING,ONLINE,ONLINE,Online,2,,,
,,0.5,,,,10,,,,MFA,MEL 874,1,Studio Seminar 1,Adriane,Herman,,MFA-SUM,TU,9:00-12:00,107,2,,,
,,0.5,,,,10,,,,MFA,MEL 876,1,Studio Seminar IV,Adriane ,Herman,,MFA-SUM,TU,9:00-12:00,107,2,,,
,,0.5,,,,15,,,,MFA,MST 851,1,Studio I,Adriane ,Herman,,MFA-SUM,X,,107,6,M1,,
,,0.5,,,,15,,,,MFA,MST 856,1,Studio IV,Adriane ,Herman,,MFA-SUM,X,,107,6,M2,,
,,,,,,,,,,,,,,,,,,,,,,,,
1,,,,,,18,,,,AG,AG 328,,Special Topics: (AE) Social Media Entrepreneurship,Chad,Hurd,,BFA FALL,M W,6:30-9:15,289,,,,
1,,,,,,18,,,,AG,AG 120,1,Storyboarding for Animation,Chad,Hurd,,BFA SPRING,M TH,8:30-11:15,289,,,,
,,,,,,,,,,,,,,,,,,,,,,,,
1,,,,,,16,,,,AM,AM 100,,(M) Elements of Music I,Hans,Indigio Spencer,,BFA FALL,M TH,3:00-5:45,007,,,,
,,,,,,,,,,,,,,,,,,,,,,,,
1,,,,,,18,,,,GD,GD 353,,History of Graphic Design [anticipate 6 juniors],Laura,Jourdan Palmer,,BFA FALL,M TH,8:30-11:15,316B,3/11,Prof changed,Peter change this to LJP,
1,,,,,,25,,,,AS,AH 250,3,Critical Approaches to Contemporary Art,Laura,Jourdan Palmer,,BFA SPRING,TU FR,1:30-2:45,104,,,,
1,,,,,,25,,,,AS,AH 250,4,Critical Approaches to Contemporary Art,Laura,Jourdan Palmer,,BFA SPRING,TU FR,3:00-4:15,104,,,,
,,,,,,,,,,,,,,,,,,,,,,,,
1,,,,,,20,,,,AS,NS 255,,(AE) The Business of Art,Sara,Juli,,BFA SPRING,WED,12:00-2:45,208,,,,
,,,,,,,,,,,,,,,,,,,,,,,,
1,,,,,,20,,,,AS,NS 321,,(AE) Money Matters,Steve,Kautz,,BFA FALL,M W,6:30-7:45,208,3/6,,day update,
,,,,,,,,,,,,,,,,,,,,,,,,
0.33,,,,,,12,,,,AM,AM 103,,Instrumental Lab: Guitar  (1 cr. class/ week 1-7),Pat,Keane,,BFA FALL,TUE,6:30-8:00,007,,,,
,,,,,,,,,,,,,,,,,,,,,,,,
1,,,,,,16,,,,PR,PR 240,,The Book as Visual Object,Martha,Kerley,,BFA SPRING,M TH,1:30-4:15,406,,,,
,,,,,,,,,,,,,,,,,,,,,,,,
,,,,1,,25,,,,SA,SA 640,,The Salt Workshop  [4 CR.],Isaac,Kestenbaum,,Salt F26,,,,,planning stage,,
,,,,,,,,,,,,,,,,,,,,,,,,
1,,,,,,17,,,,PH,PH 101,1,Analogue Photography,Justin,Kirchoff,,BFA FALL,M TH,8:45-11:30,412-025,Fast track name change,,,
1,,,,,,17,,,,PH,PH 206,,Medium Format Photography,Justin,Kirchoff,,BFA FALL,WED,12:00-5:30,"O13, 025, 412",,,,
0.5,,,,,,mixed,,,,PH,PH 321/421,,Photography Majors Studio,Justin ,Kirchoff,,BFA FALL,TH,3:00-5:45,"O13, 025, 412",Time changed,,,
1,,,,,,15,,,,FN,FN 110,3,4D: Space & Temporality,Justin,Kirchoff,,BFA SPRING,TU FR,12:00-2:45,013-025,3/12,,,
1,,,,,,17,,,,PH,PH 232,,Large Format Photography,Justin,Kirchoff,,BFA SPRING,TU FR,8:30-11:15,013-025-412,3/12,,,
0.5,,,,,,mixed,,,,PH,PH 322-422,,Photography Majors Studio,Justin,Kirchoff,,BFA SPRING,M,8:45-11:30,013-025-412,3/12,,,
0,,,,,,0,,,,PH,PH 101,1,Introduction to Photography,Justin,Kirchoff,,BFA SPRING,,,,,Course is cut,,
0,,,,,,0,,,,PH,PH 310,,Alternative Processes,Justin,KIrchoff,,BFA SPRING,W,12-5:30,,,Course is cut,"02/11 JK cancelled, to bring PH 314 to spring term",
,,,,,,,,,,,,,,,,,,,,,,,,
1,,,,,,25,,,,AS,PL 248,,Introduction to Marxist Theory,Ken,Knight,,BFA FALL,MON,8:45-11:30,104,Fast Track,,,
1,,,,,,25,,,,AS,PL 226,,Gender Theory,Ken,Knight,,BFA SPRING,WED,8:45-11:30,105,fast track,,,
,,,,,,,,,,,,,,,,,,,,,,,,
0,,,,,,0,,,,AS,EN 100,3,English Composition,Sharon,Kunde,,BFA FALL,X,X,X,,,,
0,,,,,,0,,,,AS,EN 100,4,English Composition,Sharon,Kunde,,BFA FALL,X,X,X,,,,
1,,,,,,20,,,,AS,HU 323,1,(W) Creative Writing,Sharon,Kunde,,BFA FALL,M TH,4:30-5:45,104,Fast Track,,,
1,,,,,,25,,,,AS,HU 376,,(S) ReWorlding: Environmental Humanities Approaches to Climate Crisis,Sharon,Kunde,,BFA FALL,M TH,3:00-4:15,104,Name change approved Fall25,,,
1,,,,,,25,,,,AS,HU 382,,"Body Politic: Gender, Sexuality, and State Power",Sharon,Kunde,,BFA FALL,WED,3:00-5:45,104,Fast Track,,,
1,,,,,,20,,,,AS,EN 100,3,English Composition,Sharon,Kunde,,BFA SPRING,TU FR,10:15-11:30,250,revised schedule,,,
1,,,,,,20,,,,AS,EN 100,4,English Composition,Sharon,Kunde,,BFA SPRING,TU FR,12:00-1:15,250,revised schedule,,,
1,,,,,,25,,,,AS,HU 380,,Zombie Poiesis: Beyond Capitalism,Sharon,Kunde,,BFA SPRING,WED,3:00-5:45,104,fast track,,,
,,,,,,,,,,,,,,,,,,,,,,,,
1,,,,,,17,,,,TF,TF 101,,Introduction to Textiles,Alysha,Kupferer,,BFA FALL,M TH,1:30-4:15,302-303,,,,
1,,,,,,12,,,,TF,TF 202,,(AE) Textile Printing,Alysha,Kupferer,,BFA FALL,WED,12:00-5:30,301-302-305,,,,
,1,,,,,,,,,,,,Program Chair Fall 2026,,,,BFA FALL,,,,,,,
,3,,,,,,,,,,,,Sabbatical in Spring 2027,,,,BFA SPRING,,,,,,,
,,,,,,,,,,,,,,,,,,,,,,,,
1,,,,,,12,,,,AG,AG 310,,Interactive & Immersive Art: Experience Design and Installation,James,LaPlante,,BFA FALL,WED,9:00-2:45,509,"Crosslist with any department interested
New Course Proposal approved Fall25",,"Not in computer lab, but will have specific space needs... we need to meet with Paul to discuss",
1,,,,,,21,,,,SEM,SEM 451,AG,Professional Studio - Animation & Game Art. [anticipate 21 students],James,LaPlante,,BFA FALL,TU FR,8:45-11:30,289,,,,
1,,,,,,18,,,,AG,AG 323,,Special Topics: Post Production & VFX for Animation,James,LaPlante,,BFA SPRING,TU TH,6:30-9:15,289,,,,
1,,,,,,18,,,,AG,AG 352,1,Collaborative Productions,James,LaPlante,,BFA SPRING,WED,12:00-5:30,277,,,,
,,,,,,,,,,,,,,,,,,,,,,,,
1,,,,,,18,,,,AG,AG 235,,Interfaces for Games,George,Larou,,BFA FALL,WED,12:00-5:30,289,"GD xlist- please avoid conflict w/ GD majors
New Course Proposal approved Fall25",,,
1,,,,,,junior,,,,AG,AG 321,,Major Production Studio I,George,Larou,,BFA FALL,M TH,8:45-11:30,MAJOR SPACE,,,,
1,,,,,,18,,,,FN,FN 113,D1,Two-Dimensional Design: Digital,George,Larou,,BFA FALL,TU FR,8:30-11:15,305,fast track and test section,,TC-Computer lab,
1,,,,,,16,,,,AG,AG 245,,Intro to 3D Modeling & Animation,George,Larou,,BFA SPRING,TU FR,12:00-2:45,289,,,,
1,,,,,,18,,,,AG,AG 322,,Major Production Studio II,George,Larou,,BFA SPRING,M TH,8:45-11:30,111-112,,,,
,,,,,,,,,,,,,,,,,,,,,,,,
1,,,,,,18,,,,AG,AG 120,1,Storyboarding for Animation,Spencer,Laudiero,,BFA FALL,TU FR,3:00-5:45,277,,,,
1,,,,,,junior,,,,AG,AG 321,,Major Production Studio I,Spencer,Laudiero,,BFA FALL,M TH,8:45-11:30,MAJOR SPACE,,,,
1,,,,,,-,,,,AG,AG 322,,Major Production Studio II,Spencer,Laudiero,,BFA SPRING,M TH,8:45-11:30,111-112,,,,
1,,,,,,16,,,,AG,AG 324,,Special Topics: Storyboarding II,Spencer,Laudiero,,BFA SPRING,TU FR,3:00-5:45,289,,,,
0.5,,,,,,18,,,,AG,AG 351,,Animation & Game Art Concepts and History,Spencer,Laudiero,,BFA SPRING,TU FR,12:00-2:45,213,,,,
,,,,,,,,,,,,,,,,,,,,,,,,
,,,,2,,15,,,,SA,SA 615,1,Radio & Podcasting   [12 CR.],Peter,Lang-Stanton,,Salt F26,,,,,planning stage,,
,,,,,,,,,,,,,,,,,,,,,,,,
1,,,,,,15,,,,AM,AM 220,,Songwriting,Dominic,LaVoie,,BFA SPRING,TU TH,6:30-9:15,250,Day/room change,,,
,,,,,,,,,,,,,,,,,,,,,,,,
1,,,,,,16,,,,PR,PR 201,,Intaglio Printmaking I,Sage,Leafsong,,BFA FALL,M TH,1:30-4:15,406,,,,
,,,,,,,,,,,,,,,,,,,,,,,,
0.33,,,,,,12,,,,AM,AM 106,,Instrumental Lab: Percussion (1 cr. class/ week 1-7),Chaz,Lester,,BFA FALL,WED,8:15-9:30,007,,,,
0.33,,,,,,12,,,,AM,AM 104,,Instrumental Lab: Choral Ensemble  1 cr. class runs 7-week (1/11-2/26),Chaz,Lester,,BFA SPRING,WED,10:00-11:15,07,week 1-7,,,
,,,,,,,,,,,,,,,,,,,,,,,,
,3,,,,,,,,,,,,Sabbatical- Fall 2026,,,,,,,,,,,
1,,,,,,18,,,,IL,IL 212,2,Illustration in Context ,Mary Anne,Lloyd,,BFA SPRING,TU TH,6:30-9:15,509,day/time changed #2,,,
1,,,,,,18,,,,IL,IL 340,,Editorial Illustration: Concept to Print,Mary Anne,Lloyd,,BFA SPRING,TU FR,8:30-11:15,509,Fast Track name?,,,
1,,,,,,SR MAJOR,,,,IL,IL 423,,Illustration Majors Studio,Mary Anne,Lloyd,,BFA SPRING,M TH,1:30-4:15,315,,,,
,,,,,,,,,,,,,,,,,,,,,,,,
0,,,,,,0,,,,AS,AH 397,,19th-Century Media Worlds,Rose,Logie,,BFA FALL,,,,Moved to Spring,Course is cut,2/10 MS moved from Fall term to spring,
1,,,,,,20,,,,AS,AH 101,4,Art History Survey I,Rose,Logie,,BFA FALL,WED 3:00-4:30 PMA,TU 12:00-1:15,105,revised schedule,,,
1,,,,,,20,,,,AS,AH 101,5,Art History Survey I,Rose,Logie,,BFA FALL,WED 3:00-4:30 PMA,TU 1:30-2:45,105,revised schedule,,,
1,,,,,,25,,,,AS,AH 391,,"(S) Indigeneity, Objects, and Exhibitionism",Rose,Logie,,BFA FALL,TH,1:30-4:15,105,,,2/10 MS moved from spring to Fall,
x,,,,,,IS,,,,AS,AH 440,,(W) Art History Minor Thesis,Rose,Logie,,BFA FALL,-,-,-,,Independent Study,,
1,,,,,,25,,,,AS,AH 102,1,Art History Survey II,Rose,Logie,,BFA SPRING,M TH,8:30-9:45,104,revised schedule,,,
1,,,,,,25,,,,AS,AH 102,2,Art History Survey II,Rose,Logie,,BFA SPRING,M TH,10:15-11:30,104,revised schedule,,,
1,,,,,,25,,,,AS,AH 397,,19th-Century Media Worlds,Rose,Logie,,BFA SPRING,TH,1:30-4:15,105,Fast track,,,
x,,,,,,IS,,,,AS,AH 440,,(W) Art History Minor Thesis,Rose,Logie,,BFA SPRING,-,-,-,,Independent Study,,
,,,,,,,,,,,,,,,,,,,,,,,,
1,,,,,,18,,,,PT,PT 227,,Hybrid Painting as Contemporary Practice,Honour,Mack,,BFA FALL,M TH,1:30-4:15,402,3/6,Prof changed,,
1,,,,,,junior,,,,PT,PT 321,-,Painting Majors Studio. [anticipate 10 juniors],Honour,Mack,,BFA FALL,M TH,8:45-11:30,401,,,,
1,,,,,,18,,,,PT,PT 223,,Paintings without Pictures,Honour,Mack,,BFA SPRING,M TH,1:30-4:15,401,"2/26/26
Fast Track - Name Change",Course Changed,HM,
1,,,,,,SR MAJOR,,,,PT,PT 422,,Painting Majors Studio. (3-6 cr option w/Chair permission) ,Honour,Mack,,BFA SPRING,M TH,8:45-11:30,401,,,,
0,,,,,,18,,,,PT,PT 100,1,Foundations in Painting,Honour,Mack,,BFA FALL,TU FR,8:30-11:15,402,3/6,Prof changed,,
0,,,,,,0,,,,PT,PT 100,2,Foundations in Painting,Honour,Mack,,BFA FALL,,,,,Course is cut,,
0,,,,,,18,,,,PT,PT 223,,Forms and Transformation,Honour,Mack,,BFA SPRING,,,,,Course is cut,,
,,,,,,,,,,,,,,,,,,,,,,,,
1,,,,,,18,,,,AG,AG 199,1,Character Design for Games & Animation,Charlie,MacWilliams,,BFA SPRING,WED,9:00-2:45,289,,,,
,,,,,,,,,,,,,,,,,,,,,,,,
1,,,,,,12,,,,TF,TF 221,,Draping & Construction,Jill,McGowan,,BFA SPRING,WED,12:00-5:30,301-302-303,,,"AK: Course Number Change, Formerly TF 321
Fast Track course code change",
,,,,,,,,,,,,,,,,,,,,,,,,
1,,,,,,18,,,,FN,FN 101 ,B2,Digital Imaging & Fabrication,Bennett,Morris,,BFA FALL,TU FR,8:30-11:15,13- 407,3/6/26,,,
0.5,,,,,,junior,,,,PR,PR 301,,Printmaking Majors Studio  [anticipate 2 juniors],Bennett,Morris,,BFA FALL,M TH,8:45-11:30,405-406,,,,
0.5,,,,,,seniors,,,,PR,PR 401,,Printmaking Majors Studio  [anticipate 5 seniors],Bennett,Morris,,BFA FALL,M TH,8:45-11:30,405-406,,,,
1,,,,,,17,,,,PR,PR 101,,Printmaking 1: Relief,Bennett,Morris,,BFA SPRING,TU FR,12:00-2:45,406,,,,
0.5,,,,,,JR MAJOR,,,,PR,PR 302,,Printmaking Majors Studio,Bennett,Morris,,BFA SPRING,M TH,8:45-11:30,406,,,,
0.5,,,,,,SR MAJOR,,,,PR,PR 402,,Printmaking Majors Studio,Bennett,Morris,,BFA SPRING,M TH,8:45-11:30,406,,,,
,,,,,,,,,,,,,,,,,,,,,,,,
1,,,,,,seniors,,,,TF,TF 421,,Advanced Projects in Textiles or Fashion [anticipate 8 seniors],Mali,Mrozinski,,BFA FALL,M TH,8:45-11:15,301-302-303,,,,
1,,,,,,15,,,,TF,TF 203,,(S) Surface Design,Mali,Mrozinski,,BFA SPRING,M TH,1:30-4:15,302-303,3/6,,,
0.5,,,,,,JR MAJOR,,,,TF,TF 325,,Collection Development,Mali,Mrozinski,,BFA SPRING,M TH,8:45-11:30,301-302-303,,,Betsy and Mali will be teaching these 9 credits collaboratively but each instructor is assigned to only one class as the instructor of record,
,,,,,,,,,,,,,,,,,,,,,,,,
,,,,2,,15,,,,SA,SA 618,,Short Film [12 CR.],Erin,Murphy,,Salt F26,,,,,planning stage,,
,,,,,,,,,,,,,,,,,,,,,,,,
1,,,,,,20,,,,SEM,SEM 451,DS,Professional Studio - Design. [anticipate 8 students],Amy,Parker,,BFA FALL,TU FR,8:45-11:30,316A,,,,
1,,,,,,18,,,,GD,GD 221,,Branding and Visual Systems,Amy,Parker,,BFA SPRING,TU FR,3:00-5:45,305-316A,,,,
,,,,,,,,,,,,,,,,,,,,,,,,
1,,,,,,17,,,,MJ,MJ 101,,Metalsmithing & Jewelry I,Kyle,Patnaude,,BFA FALL,TU FR,12:00-2:45,408,,,,
1,,,,,,20,,,,SEM,SEM 354,C,3YR Seminar: Craft Topics- Practice. [anticipate 18 students],Kyle,Patnaude,,BFA FALL,TU FR,3:00-5:45,250,,,,
1,,,,,,20,,,,SEM,SEM 451,C,Professional Studio - CRAFT- CE-MJ-WF-TF [anticipate 15 students],Kyle,Patnaude,,BFA FALL,TU FR,8:45-11:30,277,,,,
1,,,,,,17,,,,MJ,"MJ 250 / 
MJ 325",,Intermediate Metalsmithing I + Advanced Metalsmithing I,Kyle,Patnaude,,BFA SPRING,M TH,1:30-4:15,408,3/12,,,
0.5,,,,,,JR MAJOR,,,,MJ,MJ 302 ,,Metalsmithing & Jewelry Majors Studio,Kyle,Patnaude,,BFA SPRING,M TH,8:45-11:30,408-408B,,,,
0.5,,,,,,SR MAJOR,,,,MJ,MJ 402,,Metalsmithing & Jewelry Majors Studio,Kyle,Patnaude,,BFA SPRING,M TH,8:45-11:30,408-408B,,,,
,,1,,,,,,,,MFA,MST 859,2,Studio VI,Kyle,Patnaude,,MFA-SPRING,,,,6,,,
,1,,,,,,,,,,,,Course Release,,,,,,,,,,,
,,,,,,,,,,,,,,,,,,,,,,,,
0.5,,,,,,junior,,,,PH,PH 321,,Photography Majors Studio. [anticipate 4 juniors],Scott,Peterman,,BFA FALL,M TH,3:00-5:45,"O13, 025, 412",Time changed,,,
0.5,,,,,,senior,,,,PH,PH 421,,Photography Majors Studio. [anticipate 4 seniors],Scott,Peterman,,BFA FALL,M TH,3:00-5:45,"O13, 025, 412",Time changed,,,
1,,,,,,18,,,,PH,PH 222,,Color Photography,Scott,Peterman,,BFA SPRING,TU TH,6:30-9:15,013-025,,,,
,,,,,,,,,,,,,,,,,,,,,,,,
1,,,,,,20,,,,SEM,SEM 451,IL,Professional Studio - Illustration. [anticipate 18 students],Letica ,Plate,,BFA FALL,TU FR,8:45-11:30,208,,,,
1,,,,,,18,,,,FN,FN 101 ,DP2,Digital Imaging: Drawing & Painting,Leticia,Plate,,BFA FALL,M TH,8:30-11:15,277,,,,
1,,,,,,18,,,,IL,IL 314,,Digital Mixed Media for Illustrators,Leticia,Plate,,BFA FALL,M TH,1:30-4:15,305,,,,
1,,,,,,MAJORS,,,,IL,IL 351,,Introduction to the Discipline,Leticia,Plate,,BFA SPRING,TU FR,8:30-9:45,250,3/10,,,
,,,,,,,,,,,,,,,,,,,,,,,,
0,,,,,,-,,,,FN,FN 109,7MC,3D Materiality: Metals week 8-14,Sharon,Portelance,,BFA FALL,TU FR,8:30-11:15,408,,Prof changed,,
0,,,,,,12,,,,FN,FN 109,8MC,3D Materiality: Metals week 1-7,Sharon,Portelance,,BFA FALL,TU FR,8:30-11:15,408,,Prof changed,,
0.5,,,,,,-,,,,FN,FN 109,3MS,3D Materiality: Metals  week 8-14,Sharon,Portelance,,BFA FALL,TU FR,8:30-11:15,408,,,,
0.5,,,,,,12,,,,FN,FN 109,4MS,3D Materiality: Metals. week 1-7,Sharon,Portelance,,BFA FALL,TU FR,8:30-11:15,408,,,,
1,,,,,,17,,,,MJ,MJ 216,,Designing - More than One,Sharon,Portelance,,BFA FALL,M TH,1:30-4:15,408,,,,
0.5,,,,,,junior,,,,MJ,MJ 301,-,Metalsmithing & Jewelry Majors Studio. [anticipate 6 juniors],Sharon,Portelance,,BFA FALL,M TH,8:45-11:30,408-408B,,,,
0.5,,,,,,senior,,,,MJ,MJ 401,-,Metalsmithing & Jewelry Majors Studio. [anticipate 2 seniors],Sharon,Portelance,,BFA FALL,M TH,8:45-11:30,408-408B,,,,
,,,,,,,,,,,,,,,,,,,,,,,,
1,,,,,,17,,,,MJ,MJ 101,,Metalsmithing & Jewelry I,Sharon,Portelance,,BFA SPRING,TU FR,8:30-11:15,408,3/12,,day / time changed,
0.5,,,,,,12,,,,FN,FN 109,1MT,3D Materiality: Metalsmithing 7-week class runs 1/11-2/26,Sharon,Portelance,,BFA SPRING,TU FR,12:00-2:45,408,3/11,Prof changed,,
0.5,,,,,,-,,,,FN,FN 109,2MT,3D Materiality: Metalsmithing 7-week class runs 3/1-4/23,Sharon,Portelance,,BFA SPRING,TU FR,12:00-2:45,408,3/11,,,
,,,,,,,,,,,,,,,,,,,,,,,,
,,0.25,,,,10,,M1,,MFA,MST 852,L,Studio II,Julie,Poitras Santos,,MFA-FALL,X,X,NRSI,6,lowres,,
,,1,,,,12,,M1,,MFA,MST 853,1,Studio Seminar: Research Methodologies ,Julie,Poitras Santos,,MFA-FALL,X,X,Online,2,,,
,,0.25,,,,10,,M2,,MFA,MST 857,L,Studio V,Julie,Poitras Santos,,MFA-FALL,X,X,NRSI,6,lowres,,1500
,,1,,,,9,,,,MFA,MST 854,1,Studio III,Julie,Poitras Santos,,MFA-SPRING,,,,,,,
,,0.25,,,,,,,,MFA,MST 854,L,Studio III,Julie,Poitras Santos,,MFA-SPRING,ONLINE,ONLINE,NRSI,6,lowres,,
,,1,,,,7,,,,MFA,MST 859,1,Studio VI,Julie,Poitras Santos,,MFA-SPRING,,,,6,,,
,,0.25,,,,,,,,MFA,MST 859,L,Studio VI,Julie,Poitras Santos,,MFA-SPRING,ONLINE,ONLINE,NRSI,6,lowres,,
,,1,,,,20,,,,MFA,MCR 869,,Studio in Context: Critical Writing,Julie,Poitras Santos,,MFA-SUM,WED,9:00-12:00,213,2,all M2,,
,,,,,,,,,,,,,,,,,,,,,,,,
0,,,,,,0,,,,AS,EN 100,5,English Composition,John,Portlock,,BFA FALL,X,X,X,,,,
0,,,,,,0,,,,AS,EN 100,6,English Composition,John,Portlock,,BFA FALL,X,X,X,,,,
0,,,,,,0,,,,AS,EN 100,6,English Composition,John,Portlock,,BFA SPRING,,,,revised schedule,Course is cut,,
1,,,,,,25,,,,AS,HU 200,1,Millennium Approaches: America in the 21st Century,John,Portlock,,BFA FALL,TU FR,8:30-9:45,105,,,,104
1,,,,,,25,,,,AS,HU 200,2,Millennium Approaches: America in the 21st Century,John,Portlock,,BFA FALL,TU FR,10:15-11:30,105,3/6,,,104
1,,,,,,25,,,,AS,WH 250,,African American History,John,Portlock,,BFA FALL,M TH,1:30-2:45,104,Fast Track,,,
1,,,,,,20,,,,AS,EN 100,5,English Composition,John,Portlock,,BFA SPRING,TU FR,8:30-9:15,104,revised schedule,,,
1,,,,,,25,,,,AS,WH 252,,"Slavery, Abolition, and the coming of Civil War",John,Portlock,,BFA SPRING,TU FR,10:15-11:30,104,Fast track,, ,
,,,,,,,,,,,,,,,,,,,,,,,,
1,,,,,,16,,,,CE,CE 101,1,Ceramics Handbuilding,Kari,Radasch,,BFA FALL,TU FR,12:00-2:45,511,,,,
0.5,,,,,,12,,,,FN,FN 109,7CW,3D Materiality: Ceramics week 1-7,Kari ,Radasch,,BFA FALL,TU FR,8:30-11:15,511,,,,
0.5,,,,,,-,,,,FN,FN 109,8CW,3D Materiality: Ceramics week 8-14,Kari ,Radasch,,BFA FALL,TU FR,8:30-11:15,511,,,,
1,,,,,,16,,,,CE,CE 245,,(PE) Empty Bowls & Community Engagement,Kari,Radasch,,BFA SPRING,TU FR,8:30-11:15,511,PE minor ,,,
,,,,,,,,,,,,,,,,,,,,,,,,
1,,,,,,25,,,,AS,AH 373,,"Kill Yr Semiotics: A Critical History of Post-Punk
",Mitchell,Rasor,,BFA FALL,WED,845-11:30,105,,,,
,,,,,,,,,,,,,,,,,,,,,,,,
,,,,,,,,,,,,,Stipend AY 26-27,,,,,,,,,,,
1,,,,,,12,,,,SC,SC 251,,Mold Making: Form & Transformation,Joshua,Reiman,,BFA FALL,TU FR,12:00-2:45,505-508,,,,
1,,,,,,20,,,,SEM,SEM 451,FA,Professional Studio - FINE ARTS- PH-PR-PT-SC. [anticipate 25 students],Joshua,Reiman,,BFA FALL,TU FR,8:45-11:30,213,,,,
1,,,,,,15,,,,FN,FN 110,2,4D: Space & Temporality,Joshua,Reiman,,BFA SPRING,TU FR,8:45-11:30,305-502,,,,
1,,,,,,12,,,,SC,SC 105,,"The Sculptural Imagination: Wood, Steel and Foundry Practices",Joshua,Reiman,,BFA SPRING,TU FR,12:00-2:45,505-508,,,,
1,,,,,,SR MAJOR,,,,SC,SC 422,,Sculpture: Senior Major Studio. (3-6 cr option),Joshua,Reiman,,BFA SPRING,M TH,8:45-11:30,508,,,,
1,,,,,,18,,,,SEM,SEM 452,2,Senior Synthesis,Joshua,Reiman,,BFA SPRING,M TH,1:30-2:45,250,PC:  (but I am overbooked),,,
,,,,,,,,,,,,,,,,,,,,,,,,
,,1,,,,11,,M2,,MFA,MCR 866,2,Studio in Context: Thesis Proposal,Seth,Rogoff,,MFA-FALL,X,X,Online,2,,,
,,1,,,,11,,,,MFA,MCR 871,2,Studio in Context: Thesis Composition,Seth,Rogoff,,MFA-SPRING,ONLINE,ONLINE,Online,2,,,50
,,,,,,,,,,,,,,,,,,,,,,,,
0,,,,,,18,,,,PT,PT 227,,Hybrid Painting as Contemporary Practice,Andy,Rosen,,BFA FALL,M TH,1:30-4:15,402,,Prof changed,,
1,,,,,,18,,,,PT,PT 100,1,Foundations in Painting,Andy,Rosen,,BFA FALL,TU FR,3:00-5:45,402,3/6,Prof changed,,
1,,,,,,18,,,,PT,PT 221,1,Independent Projects in Painting,Andy,Rosen,,BFA SPRING,TU FR,3:00-5:45,402,,,,
,,,,,,,,,,,,,,,,,,,,,,,,
1,,,,,,-,,,,AG,AG 452,,Major Capstone Project Post-production,Isabella,Rotman,,BFA SPRING,M TH,1:30-4:15,Major space,,,,
,,,,,,,,,,,,,,,,,,,,,,,,
1,,,,,,15,,,,TF,TF 102,,Introduction to Fashion and Apparel,Betsy,Scheintaub,,BFA FALL,TU FR,12:00-2:45,301-302-303,,,,
0.5,,,,,,juniors,,,,TF,TF 322,,(AE) Advanced Pattern Drafting & Construction [anticipate 2 juniors],Betsy,Scheintaub,,BFA FALL,M TH,8:45-11:15,301-302-303,,,,
1,,,,,,12,,,,TF,TF 215,,Weaving,Betsy,Scheintaub,,BFA SPRING,TU FR,8:30-11:15,301-302-303,3/6,,,
1,,,,,,SR MAJOR,,,,TF,TF 422,,Majors Thesis Studio (6 cr.),Betsy,Scheintaub,,BFA SPRING,M TH 8:45-11:30,WED 12:00-5:30,MIXED,see above,,,
,,,,,,,,,,,,,,,,,,,,,,,,
IS,,,,,,x,,,,FN,DR 400,,Advanced Drawing- (Capstone students only),Sarah,Shaw,,BFA FALL,-,-,-,,Independent Study,,
1,,,,,,18,,,,IL,IL 310,,The Picture Book,Sarah,Shaw,,BFA FALL,TU FR,12:00-2:45,502,,,,
1,,,,,,junior,,,,IL,IL 321,1,Illustration Majors Studio. [anticipate 26 juniors],Sarah,Shaw,,BFA FALL,M TH,8:45-11:30,509,3/12,,,
1,,,,,,20,,,,SEM,SEM 355,1,"Illustration JR Seminar Sketchbook - Power, Practice, and Theory [anticipate 26 students over 2 sections]",Sarah,Shaw,,BFA FALL,TU FR,3:00-5:45,102,,,,
IS,,,,,,x,,,,FN,DR 400,,Advanced Drawing- (Capstone students only),Sarah,Shaw,,BFA SPRING,-,-,-,,Pending Enrollment,,
1,,,,,,18,,,,IL,IL 212,1,Illustration in Context,Sarah,Shaw,,BFA SPRING,M TH,1:30-4:15,509,,,,
1,,,,,,JR MAJOR,,,,IL,IL 322,2,Illustration Majors Studio,Sarah,Shaw,,BFA SPRING,M TH,8:45-11:30,315,,,,
1,,,,,,18,,,,IL,IL 336,,Advanced Comics ,Sarah,Shaw,,BFA SPRING,WED,9:00-2:45,509,,,Fast Track. ML: (we are working on a new title) ,
,,,,,,,,,,,,,,,,,,,,,,,,
1,,,,,,20,,,,AS,AH 390,,(W) Feminist Art Practices in the 20th & 21st Century,Marie,Shurkus,,BFA FALL,M TH,1:30-2:45,250,,,,
1,,,,,,20,,,,AS,AH 402,,(W) Experiments: Artistic Research,Marie,Shurkus,,BFA FALL,M TH,3:00-4:15`,250,,,,
1,,,,,,25,,,,AS,AH 250,1,Critical Approaches to Contemporary Art,Marie,Shurkus,,BFA SPRING,M TH,8:45-10:00,7,time change,,,
1,,,,,,25,,,,AS,AH 250,2,Critical Approaches to Contemporary Art,Marie,Shurkus,,BFA SPRING,M TH,10:15-11:30,7,,,,
,,,,,,,,,,,,,Course Release - Fall,,,,,,,,,,,
,,,,,,,,,,,,,Course Release -Spring,,,,,,,,,,,
,,,,,,,,,,,,,,,,,,,,,,,,
1,,,,,,10,,,,AE,AE 329,,Contemporary Practices for Art Teaching,Rachel,Somerville,,BFA SPRING,WED,3:00-5:45,510,,,,
,,,1,,,,,,,MAT,MAT 800,,The Artist as Educator Experience,Rachel,Somerville,,MAT FALL,M-F,9:00-3:00,510,,August 3- December 18,,
,,,2,,,,,,,MAT,MAT 804,,"Fundamentals of Teaching, Learning, Creativity, and Cognition",Rachel,Somerville,,MAT FALL,M-F,9:00-3:00,510,,August 3- August 28,,
,,,1,,,,,,,MAT,MAT 809,,Diversity & Equity in Alternative Settings for Art Education,Rachel,Somerville,,MAT FALL,M 10:30-1:30,T 3:30-5:30,510,,September 7- December 1,,
,,,0.5,,,,,,,MAT,MAT 832,,PK-8 Student Teaching,Rachel,Somerville,,MAT-Spring,,,,,,,
,,,0.5,,,,,,,MAT,MAT 833,,High School Student Teaching,Rachel,Somerville,,MAT-Spring,,,,,,,
,,,1,,,,,,,MAT,MAT 836,,Professional Practices Seminar,Rachel,Somerville,,MAT-Spring,,,,,,,
,1,,,,,,,,,MAT,MAT 833,,RELEASE Administration & Outreach Director,Rachel,Somerville,,MAT-Spring,,,,,,,
,0.25,,,,,,,,,MAT,MAT 832,,RELEASE Outreach Director Course: Student Teacher Observations,Rachel,Somerville,,MAT-Spring,,,,,,,
,0.75,,,,,,,,,MAT,CR,,RELEASE Outreach Director Course Release (3/4),Rachel,Somerville,,MAT-Spring,,,,,,,
,,,,,,,,,,,,,,,,,,,,,,,,
0.5,,,,,,12,,,,FN,FN 109,1ST,3D Materiality: Sculpture. week 1-7,Ben,Spalding,,BFA FALL,TU FR,3:00-5:45,508,TC email  2/20,Prof changed,,
0.5,,,,,,-,,,,FN,FN 109,2ST,3D Materiality: Sculpture. week 8-14,Ben,Spalding,,BFA FALL,TU FR,3:00-5:45,508,TC email  2/20,,,
0.5,,,,,,12,,,,FN,FN 109,3SM,3D Materiality: Sculpture  week 1-7,Ben,Spalding,,BFA FALL,TU FR,8:30-11:15,508,TC email  2/20,,,
0.5,,,,,,-,,,,FN,FN 109,4SM,3D Materiality: Sculpture week 8-14,Ben,Spalding,,BFA FALL,TU FR,8:30-11:15,508,TC email  2/20,,,
1,,,,,,junior,,,,SC,SC 321,-,Sculpture: Junior Major Studio. [anticipate 6 juniors],Ben,Spalding,,BFA FALL,TU TH,6:30-9:15,505-508,,,,
1,,,,,,15,,,,FN,FN 110,5,4D: Space & Temporality,Ben,Spalding,,BFA SPRING,TU TH,6:30-9:15,305-502,3/10,,TC email,
1,,,,,,15,,,,FN,FN 110,6,4D: Space & Temporality,Ben,Spalding,,BFA SPRING,TU FR,12:00-2:45,277-502,2/20,,TC email,
1,,,,,,12,,,,SC,SC 229,,"Club as Context: Collage, Sound, and Space",Ben,Spalding,,BFA SPRING,TU FR,3:00-5:45,508,Fast Track - only running next year,,,
,,,,,,,,,,,,,,,,,,,,,,,,
1,,,,,,25,,,,AS,AH 102,2,Art History Survey II,Lori,Stein,,BFA FALL,TU FR,8:30-9:45,250,,,,
1,,,,,,25,,,,AS,AH 102,3,Art History Survey II,Lori,Stein,,BFA FALL,TU FR,10:00-11:15,250,,,,
1,,,,,,25,,,,AS,AH 102,4,Art History Survey II,Lori,Stein,,BFA FALL,TU FR,1:30-2:45,250,,,,
,,,,,,,,,,,,,,,,,,,,,,,,
1,,,,,,25,,,,AS,AH 102,1,Art History Survey II,Chris,Stiegler,,BFA FALL,M TH,10:15-11:30,07,,,2/10 MS- changed RL to CS,
1,,,,,,25,,,,AS,AH 102,5,Art History Survey II,Chris,Stiegler,,BFA FALL,M TH,8:30-9:45,07,,Pending Enrollment,AD - should this be TBA?,
1,,,,,,25,,,,AS,AH 312,,"Artist, Museums & the Art Market",Chris,Stiegler,,BFA SPRING,M TH,4:30-5:45,250,,,,
,,1,,,,11,,M1,,MFA,MCR 860,1,Studio in Context: Views of Contemporary Art,Chris,Stiegler,,MFA-FALL,X,X,Online,2,,,
,,1,,,,11,,M2,,MFA,MCR 866,1,Studio in Context: Thesis Proposal,Chris,Stiegler,,MFA-FALL,X,X,Online,2,,,
,,1,,,,12,,,,MFA,MCR 870,1,Studio in Context: Approaches to Critical Theory,Chris,Stiegler,,MFA-SPRING,ONLINE,1,Online,2,,,
,,1,,,,11,,,,MFA,MCR 871,1,Studio in Context: Thesis Composition,Chris,Stiegler,,MFA-SPRING,ONLINE,ONLINE,Online,2,,,50
,,1,,,,20,,,,MFA,MCR 868,,Studio in Context: Applied Theory & History ,Chris,Stiegler,,MFA-SUM,FRI,9:00-12:00,online,2,all M1,,
,,,,,,,,,,,,,,,,,,,,,,,,
1,,,,,,seniors,,,,AG,AG 421,,Major Capstone Project Pre-Production,Phoenix,Stroh,,BFA FALL,M TH,8:45-11:30,MAJOR SPACE,,,,
1,,,,,,-,,,,AG,AG 352,2,Collaborative Productions,Phoenix,Stroh,,BFA SPRING,WED,12:00-5:30,Crewe gallery,,,,
1,,,,,,-,,,,AG,AG 422,,Major Capstone Production.  (3 cr. or 6 cr. option),Phoenix,Stroh,,BFA SPRING,M TH,8:45-11:30,111-112,,,,
,,,,,,,,,,,,,,,,,,,,,,,,
0,,,,,,0,,,,AS,HU 200,5,Millennium Approaches: America in the 21st Century,sabine,stxrm,,BFA FALL,,,,,Course is cut,,104
0,,,,,,20,,,,AS,HU 323,1,(W) Creative Writing,sabine,stxrm,,BFA SPRING,M TH,4:30-5:45,7,,,,
1,,,,,,25,,,,AS,HU 200,3,Millennium Approaches: America in the 21st Century,sabine,stxrm,,BFA FALL,TU FR,8:30-9:45,104,,,,
1,,,,,,25,,,,AS,HU 200,4,Millennium Approaches: America in the 21st Century,sabine,stxrm,,BFA FALL,TU FR,10:15-11:30,104,3/6,,,
-,,,,,,IS,,,,AS,HU 445,S,(S) Sustainable Ecosystems: Art & Design Minor Capstone,sabine,stxrm,,BFA FALL,-,-,-,,Independent Study,,
1,,,,,,25,,,,AS,AH 392,,(S) Livable Worlds,sabine,stxrm,,BFA SPRING,WED,12:00-2:45`,104,,,,
1,,,,,,25,,,,AS,HU 383,,Autofiction: Documenting the Self,sabine,stxrm,,BFA SPRING,M TH,6:30-7:45,7,fast track. 3/9,,,
1,,,,,,25,,,,AS,HU 361,,(S) Ruins & Reclamation ,sabine,stxrm,,BFA SPRING,M TH,4:30-5:45,7,,,,
1,,,,,,25,,,,AS,HU 381,,"(S) Witchcraft: Madness, Visions, and Witnesses ",sabine,stxrm,,BFA SPRING,M TH,1:30-2:45,104,fast track,,,
-,,,,,,IS,,,,AS,HU 445,,(S) Sustainable Ecosystems: Art & Design Minor Capstone,sabine,stxrm,,BFA SPRING,-,-,-,,Independent Study,,
,,,,,,,,,,,,,,,,,,,,,,,,
1,,,,,,18,,,,FN,DR 100,A,Introduction to Drawing,Ling-Wen,Tsai,,BFA FALL,M W,6:30-9:15,102,,,,
1,,,,,,12,,,,SC,SC 106,,"(PE)(S) Sculpture in Context: Installation, Multiples, Land Art ",Ling-Wen,Tsai,,BFA FALL,M TH,1:30-4:15,505-508,,,,
1,,,,,,seniors,,,,SC,SC 421,-,Sculpture: Senior Major Studio (3-6 cr option) [anticipate 9 seniors],Ling-Wen,Tsai,,BFA FALL,WED,12:00-5:30,505-508,,,,
,,1,,,,10,,M2,,MFA,MST 857,1,Studio V,Ling-Wen,Tsai,,MFA-FALL,,,,6,,,1500
0,,,,,,,,,,,,,Leave of Absence - spring term,Ling-Wen,Tsai,,BFA SPRING,,,,,,,
,,,,,,,,,,,,,,,,,,,,,,,,
,,,1,,,,,,,MAT,MAT 812,,"High School Curriculum Design, Development, and Assessment",Alicia,Uth,,MAT FALL,M W,4:30-7:30,510,October 19- December 2,,,
,,,0.5,,,,,,,MAT,MAT 832,,PK-8 Student Teaching,Alicia,Uth,,MAT-Spring,,,,,,,
,,,0.5,,,,,,,MAT,MAT 833,,High School Student Teaching,Alicia,Uth,,MAT-Spring,,,,,,,
,,,,,,,,,,,,,,,,,,,,,,,,
1,,,,,,20,,,,AS,NS 309,,(S) Sustainable Agriculture,Megan,Valanidas,,BFA FALL,TUE,12:00-2:45,208,,,,
1,,,,,,20,,,,AS,NS 317,,Intro to Biodesign,Megan,Valanidas,,BFA FALL,TUE,3:00-5:45,208,Fast Track,,,
1,,,,,,20,,,,AS,NS 319,,(PE) (S) The Biodesign Challenge: Concepts and Practice,Megan,Valanidas,,BFA SPRING,TUE,12:00-2:45,208,Name change approved faculty vote 12/4/25,,,
1,,,,,,20,,,,AS,NS 322,,(PE) (S) Citizen Science,Megan,Valanidas,,BFA SPRING,TUE,3:00-5:45,208,Fast track,,,
,,,,,,,,,,,,,,,,,,,,,,,,
0,,,,,,18,,,,GD,GD 353,,History of Graphic Design [anticipate 6 juniors],Mary-Jo,Valentino,,BFA FALL,M TH,8:30-11:15,316B,3/11,Prof changed,Peter changed to TBA,
1,,,,,,18,,,,GD,GD 450,,Degree Project,Mary–Jo,Valentino,,BFA SPRING,M TH,8:45-11:30,316,,,,
,,,,,,,,,,,,,,,,,,,,,,,,
0,,,,,,0,,,,AS,NS 305,,(S) Botany,Elizabeth,Webb,,BFA SPRING,,,,,Course is cut,,
,,,,,,,,,,,,,,,,,,,,,,,,
,,1,,,,18,,,,MFA,MST 860,1,Studio Seminar: Thesis Exhibition,Iris,Williamson,,MFA-SPRING,ONLINE,ONLINE,Online,2,,,
,,,,,,,,,,,,,,,,,,,,,,,,
0,,,,,,12,,,,FN,FN 109,1TST,3D Materiality:  Sculpture. week 1-7,Ryan,Wight,,BFA FALL,TU FR,8:30-11:15,508,2/20,Prof changed,TC email,
0,,,,,,-,,,,FN,FN 109,2WT,3D Materiality:  Sculpture. week 8-15,Ryan,Wight,,BFA FALL,TU FR,8:30-11:15,508,2/20,Prof changed,TC email,
0,,,,,,12,,,,FN,FN 109,3SM,3D Materiality: Sculpture.  week 1-7,Ryan,Wight,,BFA FALL,TU FR,3:00-5:45,508,2/20,Course is cut,TC email,
0,,,,,,-,,,,FN,FN 109,4SM,3D Materiality:  Sculpture. week 8-15,Ryan,Wight,,BFA FALL,TU FR,3:00-5:45,508,2/20,Course is cut,TC email,
,,,,,,,,,,,,,,,,,,,,,,,,
0,,,,,,,,,,AG,AG 101,2,Animation I,Kevin,Woods,,BFA FALL,,,,,Course is cut,,
1,,,,,,18,,,,AG,AG 101,1,Animation I,Kevin,Woods,,BFA SPRING,M W,6:30-9:15,289,3/10,,,
,,,,,,,,,,,,,,,,,,,,,,,,
0.5,,,,,,12,,,,FN,FN 109,8WC,3D Materiality: Woodworking wk 1-7,TBA,TBA,,BFA FALL,TU FR,8:30-11:15,318-319,3/11,,,
0.5,,,,,,-,,,,FN,FN 109,7WC,3D Materiality:Woodworking  week 8-14,TBA,TBA,,BFA FALL,TU FR,8:30-11:15,318-319,3/11,,,
1,,,,,,seniors,,,,GD,GD 431,,Senior Studio. [anticipate 8 seniors],TBA,TBA,,BFA FALL,M TH,8:45-11:30,MAJOR SPACE,3/11,Prof changed,PA changed to TBA,
0.5,,,,,,-,,,,IL,IL 421,,Illustration Majors Studio,TBA,TBA,,BFA FALL,M W,3:00-5:45,MAJOR SPACE,,,,
X,,,,,,IS,,,,PE,PE 400,,(PE) Public Engagement Minor Capstone,TBA,TBA,,BFA FALL,-,-,-,,Independent Study,,
1,,,,,,16,,,,PR,PR 100,1,Intro to Printmaking Techniques,TBA,TBA,,BFA FALL,M TH,6:30-9:15,406,3/9/26,,,
1,,,,,,20,,,,SEM,SEM 355,2,"Illustration JR Seminar Sketchbook - Power, Practice, and Theory [anticipate 26 students over 2 sections]",TBA,TBA,,BFA FALL,TU FR,3:00-5:45,103,,,,
X,,,,,,IS,,,,ST,ST 400,,(AE) Art & Entrepreneurship Minor Capstone,TBA,TBA,,BFA FALL,-,-,-,,Independent Study,,
0.5,,,,,,juniors,,,,WF,WF 321,REQ,Wood & Furniture Majors Studio  [anticipate 5 juniors],TBA,TBA,,BFA FALL,M TH,8:45-11:30,317-318-319,,,,
0.5,,,,,,seniors,,,,WF,WF 421,REQ,Wood & Furniture Majors Studio  [anticipate 5 seniors],TBA,TBA,,BFA FALL,M TH,8:45-11:30,317-318-319,,,,
X,,,,,,IS,,,,PE,PE 400,,(PE) Public Engagement Minor Capstone,TBA,TBA,,BFA SPRING,-,-,-,,Independent Study,,
X,,,,,,IS,,,,ST,ST 400,,(AE) Art & Entrepreneurship Minor Capstone,TBA,TBA,,BFA SPRING,-,-,-,,Independent Study,,
0,,,,,,12,,,,FN,FN 109,1WT,3D Materiality: Woodworking 7-week class runs 1/11-2/26,TBA,TBA,,BFA SPRING,TU FR,3:00-5:45,318-319,room changed,Prof changed,TC email 2/20,
0,,,,,,-,,,,FN,FN 109,2WT,3D Materiality: Woodworking 7-week class runs 3/1-4/23,TBA,TBA,,BFA SPRING,TU FR,3:00-5:45,318-319,room changed,,,
,,,,,,,,,,,,,,,,,,,,,,,,
,,,1,,,,,,,MAT,MAT 806,,Exceptionality in the Art Classroom,TBA,TBA,,MAT FALL,TH,10:00-12:00  ,HYBRID,September 3- December 3,,,
,,,,,,,,,,,,,,,,,,,,,,,,
,,0.5,,,,10,,,,MFA,MEL 874,3,Studio Seminar 1,-,-,,MFA-SUM,TU,9:00-12:00,104,2,M1,,
,,0.5,,,,10,,,,MFA,MEL 876,3,Studio Seminar IV,-,-,,MFA-SUM,TU,9:00-12:00,104,2,M2,,
,,0.5,,,,15,,,,MFA,MST 851,3,Studio I,-,-,,MFA-SUM,X,,107,6,3/27,,
,,0.5,,,,15,,,,MFA,MST 856,3,Studio IV,-,-,,MFA-SUM,X,,107,6,3/27,,
,,1,,,,10,,M1,,MFA,MST 852,2,Studio II,TBD,TBD,,MFA-FALL,,,,6,3/27?,,
,,1,,,,,,,,MFA,MST 854,2,Studio III,TBD,TBD,,MFA-SPRING,,,,,3/27?,,
,,1,,,,12,,,,MFA,MST 862,2,Studio Seminar: Studio Writing,TBD,TBD,,MFA-SPRING,ONLINE,ONLINE,Online,2,3/27?,,
,,1,,,,12,,M1,,MFA,MST 853,2,Studio Seminar: Research Methodologies ,,,,MFA-FALL,X,X,Online,2,3/27?,,
,,1,,,,,,,,MFA,CR,,Course release,,,,,,,,,,,
,,,,,,,,,,MFA,MST 863,2,Studio Seminar: Professional Practices,,,,,,,,,,,
,,,,,,,,,,,,,,,,,,,,,,,,
244.82,,,,,,,,,,,,,,,,,,,,,,,,
,,,,,,,,,,,,,,,,,,,,,,,,
,,,,,,,,,,,,,,,,,,,,,,,,
,,,,,,,,,,,,,,,,,,,,,,,,
,,,,,,,,,,,,,,,,,,,,,,,,
,,,,,,,,,,,,,,,,,,,,,,,,
,,,,,,,,,,,,,,,,,,,,,,,,
,,,,,,0,,,,FN, ,, , , ,,BFA FALL,,,, ,Course is cut,,
,,,,,,0,,,,FN,DR 100,B,Introduction to Drawing, , ,,BFA FALL,,,,,Course is cut,,
,,,,,,0,,,,FN,FN 101 ,DP4,Digital Imaging: Drawing & Painting, , ,,BFA FALL,,,, ,Course is cut,,
,,,,,,0,,,,FN,FN 109,,3D Materiality:  Textiles. week 1-7, , ,,BFA FALL,,,,,,,
,,,,,,-,,,,FN,FN 109,,3D Materiality: Woodworking.  week 8-15, , ,,BFA FALL,,,, ,,,
,,,,,,0,,,,FN,FN 109,,3D Materiality:  Woodworking. week 1-7, , ,,BFA FALL,,,, ,,,
,,,,,,-,,,,FN,FN 109,,3D Materiality:  Textiles.  week 8-15, , ,,BFA FALL,,,,,,,
,,,,,,0,,,,FN,FN 113,6,Two-Dimensional Design, , ,,BFA FALL,,,,,Course is cut,,
,,,,,,0,,,,FN,FN 113,7,Two-Dimensional Design, , ,,BFA FALL,,,,,Course is cut,,
,,,,,,0,,,,PR,PR 212,,Screen Printing and Installation,,,,BFA FALL,,,,name change,,,
,,,,,,0,,,,FN,DR 100,5,Introduction to Drawing, , ,,BFA SPRING,,,,,Course is cut,,
,,,,,,0,,,,FN,DR 110,H2,Honors: Introduction to Drawing, , ,,BFA SPRING,,,, ,Course is cut,,
,,,,,,0,,,,FN,FN 110,7,4D: Space & Temporality, , ,,BFA SPRING,,,,,Course is cut,,
,,,,,,,,,,AS,SEM 108,7,(M) Research & Inquiry- Music (Academic), , ,,BFA SPRING,,,,revised schedule,,,
,,,,,,,,,,FN,FN 108,1,(S) Research & Inquiry-Voyages (Studio),hold, ,,BFA SPRING,,,,revised schedule,,,
,,,,,,,,,,FN,FN 108,2,Research & Inquiry-The Language Wars (studio),hold, ,,BFA SPRING,,,,revised schedule,,,
,,,,,,,,,,FN,FN 108,3,(PE) R&I-Enclaves and Activism: Communities of Resistance and Resilience-US. (studio),hold, ,,BFA SPRING,,,,revised schedule,,,
,,,,,,,,,,FN,FN 108,4,(S) Research & Inquiry-Voyages (sudio),hold, ,,BFA SPRING,,,,revised schedule,,,
,,,,,,,,,,FN,FN 108,5,Research & Inquiry-Dystopian Landscapes (studio),hold, ,,BFA SPRING,,,,revised schedule,,,
,,,,,,,,,,FN,FN 108,6,Research & Inquiry-Dystopian Landscapes (studio),hold, ,,BFA SPRING,,,,revised schedule,,,
,,,,,,,,,,FN,FN 108,7,(M) Research & Inquiry-Music (studio),hold, ,,BFA SPRING,,,,revised schedule,,,